fixed_acidity,volatile_acidity,citric_acid,residual_sugar,chlorides,free_sulfur_dioxide,total_sulfur_dioxide,density,pH,sulphates,alcohol,quality
6.37,0.27,0.36,7.81,0.044,28.0,108.0,0.99323,3.07,0.46,10.4,between 5.0 and 6.0
7.05,0.24,0.29,1.88,0.058,18.0,133.0,0.99211,3.17,0.39,12.1,greater than 6.0
6.81,0.3,0.41,10.35,0.041,40.0,119.0,0.99167,3.01,0.48,9.9,between 5.0 and 6.0
7.24,0.22,0.35,5.47,0.025,12.0,96.0,0.99653,3.14,0.44,11.3,greater than 6.0
6.46,0.29,0.27,8.14,0.033,31.0,104.0,0.99093,3.08,0.42,13.4,between 5.0 and 6.0
7.01,0.25,0.38,2.99,0.06,23.0,136.0,0.99419,3.22,0.49,10.2,between 5.0 and 6.0
6.69,0.26,0.33,11.71,0.048,36.0,114.0,0.99243,3.03,0.41,12.6,greater than 6.0
7.38,0.28,0.39,4.29,0.023,16.0,99.0,0.99727,3.18,0.47,9.1,between 5.0 and 6.0
