min,1st_quantile,mean,median,3rd_quantile,max
18.0,32.0,46.2265963060686,46.0,60.0,99.0
18.2189021512302,30.163615058081476,44.79515034519919,42.78270727511873,60.13700346369917,81.5609686351753
