min,1st_quantile,mean,median,3rd_quantile,max
1.44089e-11,0.2031327,1.0069285419007257,0.51077675,1.19579975,5.023712
0.0092627804782493,0.16543316433563812,1.005592117050398,0.4778716765867952,1.2936176847927696,4.97327985347279
