min,1st_quantile,mean,median,3rd_quantile,max
0.1,47.050000000000004,232.399,97.5,172.65,6169.8
1.1,172.575,421.082,284.9,628.6999999999999,2108.2
