min,1st_quantile,mean,median,3rd_quantile,max
0.0,0.0,0.0,0.0,0.0,0.0
3.2e-05,0.000123,0.000162645,0.00015749999999999998,0.00019825,0.000316
