min,1st_quantile,mean,median,3rd_quantile,max
0.0,0.0,0.0,0.0,0.0,0.0
0.0019,0.004875,0.005925000000000001,0.0056,0.0071,0.0098
