Model,Test MSE,Test R2,Test Adjusted R2,Test MAE,Test RMSE,Train MSE,Train R2,Train Adjusted R2,Train MAE,Train RMSE
LinearRegression,0.000670493231880146,-0.2428364054440859,-1.743166541297858,0.009347105730878453,0.025893884063232887,4.0869265744464605e-08,0.9959450844495025,1.042576613280224,5.154086023132605e-05,0.00020216148432494407
Lasso,0.0005727317511539521,-0.0616242447248363,-1.3431982639092381,0.008597301975615777,0.023931814623090162,8.188875145634658e-06,0.18752645626833087,9.530972209182526,0.0026662748614463072,0.002861621069539896
DecisionTree,0.0006098461047559544,-0.13041997244866033,-1.495042977863203,0.00838402447482217,0.024695062355781863,0.0,1.0,1.0,0.0,0.0
RandomForest,0.0006060490026560927,-0.12338160651070251,-1.4795080210001417,0.008259099474822168,0.024618062528478812,2.915582250000005e-08,0.9971072541703588,1.0303738312112323,7.173749999999991e-05,0.00017075076134530134
