Model,Test MSE,Test R2,Test Adjusted R2,Test MAE,Test RMSE,Train MSE,Train R2,Train Adjusted R2,Train MAE,Train RMSE
LinearRegression,0.000573579716872474,-0.06319604681833746,-0.541730746656718,0.009882986836224739,0.02394952435587133,1.4562572978509067e-08,0.9944099217955302,1.022702562503867,3.830870421730628e-05,0.00012067548623688685
Lasso,0.0005475370696086997,-0.014923001581479411,-0.47173045056915086,0.009577252756631339,0.023399510029244196,2.182732611803279e-06,0.16212292859004862,4.402806881848578,0.001176699889526977,0.0014774073953393082
DecisionTree,0.0005668427099460422,-0.050708228785604215,-0.523622277313426,0.008832618010310272,0.023808458789809184,0.0,1.0,1.0,0.0,0.0
RandomForest,0.0005636672250145457,-0.04482210184180779,-0.5150868591136197,0.008802215643830442,0.023741676962981063,4.180454000000004e-08,0.9839526539543008,1.0651718747570234,0.00013460000000000032,0.00020446158563407465
