sex,length,diameter,height,whole_weight,shucked_weight,cisvera_weight,shell_weight,rings
F,0.4292011341310855,0.4388128422613104,0.11164637426899623,0.4992603230539993,0.14417851950772237,0.19102278752889423,0.1728322010304201,greater than 11.0
M,0.41819794455189524,0.21830969961310864,0.12977540576913096,0.1567468113938852,0.5156501303976191,0.14530189005159247,0.25524086705093785,between 9.0 and 11.0
F,0.5853002416196976,0.25470718869568876,0.07692343317326154,0.9793915640149716,0.46758323301022453,0.21988831128091885,0.11348316016218427,less than 8.0
F,0.45941729301001505,0.34159719789120085,0.15600935049451792,0.71942987698313,0.27093328223189794,0.08003090175445782,0.20474489467218954,greater than 11.0
M,0.5858052511229944,0.41239251091016776,0.15739252391963549,0.6126468840002779,0.21613829973932142,0.13343904096416312,0.35583800021053474,between 9.0 and 11.0
M,0.5861135717463978,0.33116554295023926,0.12106995985681171,0.2481981591309004,0.46019641397855365,0.18521043319646555,0.22142162853925124,between 9.0 and 11.0
F,0.5313606510969638,0.45379786696900914,0.10974483640601607,0.9414951310835301,0.32336890103515087,0.07580248834654109,0.10980906573156687,greater than 11.0
M,0.5201900915782374,0.4491177715570605,0.11708935501881618,0.7554509901337013,0.39069980273181354,0.15592134508955155,0.31436143107168013,between 9.0 and 11.0
