sex,length,diameter,height,whole_weight,shucked_weight,cisvera_weight,shell_weight,rings
M,0.6098589664243361,0.5198254665607467,0.12682665835822657,1.4814327398065383,0.6007824797752291,0.02052973416954691,0.11377277448130689,between 9.0 and 11.0
M,0.27619691849633354,0.3657931336850324,0.07992855144468201,1.1367081216150798,0.30477203460828295,0.18364714920780925,0.26169221501495493,greater than 11.0
F,0.39606269180545245,0.4985460189792892,0.035443547232892884,0.41773529178191876,0.23598142385637502,0.09917353801658416,0.03332579476708144,greater than 11.0
I,0.35291542164482176,0.5372635277757944,0.034488960918207016,0.042864643643896146,0.3184159567196721,0.2689223767977843,0.43230268171838354,greater than 11.0
M,0.2688262085593517,0.5022141274313507,0.11405266941898161,0.8254282917407139,0.552503590753154,0.07823943479036545,0.42250079289073994,greater than 11.0
I,0.5156912355698566,0.5254434756543457,0.09008869079803981,1.533981051683702,0.6005245050587934,0.2600361171364212,0.20289852701275965,greater than 11.0
I,0.24542930157550105,0.37565885502816015,0.03505677181118681,1.2241634870525697,0.17690982964168644,0.2636856525760978,0.44706121528594467,less than 8.0
I,0.22142860282800148,0.21604746594418361,0.07705166583171984,1.4231402713383967,0.32575958388698506,0.2060563201587895,0.3361336870020139,less than 8.0
