sex,length,diameter,height,whole_weight,shucked_weight,cisvera_weight,shell_weight,rings
M,0.46940154,0.38847443,0.11093427,0.5501835,0.21095654,0.10919579,0.21524052,between 9.0 and 11.0
M,0.51332635,0.38102558,0.12599516,0.55867183,0.2076538,0.1163631,0.2147389,between 9.0 and 11.0
F,0.6337314,0.5338184,0.18290788,1.4144111,0.5507035,0.28572866,0.40440956,less than 8.0
F,0.68027735,0.58077496,0.17786269,1.2916325,0.52653784,0.22820468,0.55252624,greater than 11.0
M,0.34787846,0.2475183,0.09191082,0.21700977,0.08290411,0.060978577,0.07536334,between 9.0 and 11.0
F,0.37591842,0.27535963,0.10011528,0.28207302,0.11946587,0.06257636,0.08424164,less than 8.0
M,0.43465233,0.3317048,0.093502976,0.40830123,0.14421208,0.043379616,0.20343933,between 9.0 and 11.0
M,0.6448041,0.53491175,0.17956297,1.2672293,0.4680475,0.25347692,0.39992976,between 9.0 and 11.0
