sex,length,diameter,height,whole_weight,shucked_weight,cisvera_weight,shell_weight,rings
F,0.53711975,0.3299915,0.12480704,0.9431291,0.20719832,0.07270572,0.09889417,greater than 11.0
F,0.34442788,0.2709213,0.09787803,0.25689134,0.09822249,0.006049152,0.07651459,between 9.0 and 11.0
F,0.65010166,0.4710125,0.17667353,1.1830612,0.5050454,0.1461604,0.35924977,between 9.0 and 11.0
F,0.6197878,0.471255,0.15923771,1.1487341,0.4502267,0.20467007,0.31916392,between 9.0 and 11.0
F,0.5763977,0.4066775,0.22064023,1.9418635,0.6212462,0.3431104,0.611014,greater than 11.0
M,0.27919087,0.21070662,0.084312946,0.032591034,0.06082096,0.0069053,0.040496293,less than 8.0
M,0.600549,0.44940108,0.12856218,0.8247404,0.41186458,0.17532101,0.25269845,greater than 11.0
F,0.57573384,0.44265798,0.16321388,0.8168662,0.3993716,0.30630377,0.23903708,greater than 11.0
