sex,length,diameter,height,whole_weight,shucked_weight,cisvera_weight,shell_weight,rings
F,0.5885249,0.45521617,0.14716652,0.9567677,0.41557848,0.2026735,0.2978102,between 9.0 and 11.0
M,0.50607944,0.40840745,0.12680204,0.719528,0.30673265,0.15600619,0.21211876,greater than 11.0
I,0.12677835,0.13416518,0.027384376,0.07402053,0.007822542,-0.0053076176,0.079627335,less than 8.0
I,0.49460006,0.37696102,0.123116694,0.6339123,0.24500306,0.12494582,0.22225043,greater than 11.0
M,0.4641667,0.33540565,0.116111755,0.5180655,0.13186094,0.09691225,0.17449756,greater than 11.0
M,0.53739095,0.3802077,0.16667978,0.75834185,0.21674627,0.17003946,0.244848,between 9.0 and 11.0
I,0.43296185,0.31772292,0.02835049,0.27522781,0.1065644,0.09333105,0.07572499,less than 8.0
I,0.4403331,0.38131264,0.07484303,0.4322477,0.14333442,0.10788482,0.14183109,between 9.0 and 11.0
