sex,length,diameter,height,whole_weight,shucked_weight,cisvera_weight,shell_weight,rings
F,0.4351118126152133,0.45972198370560097,0.08473725124094844,1.202820683171361,0.20340328275726677,0.21652788747068297,0.18471797669215964,greater than 11.0
M,0.3131782368618415,0.3842403360841384,0.1760975575416928,1.7130170289621185,0.44068053723268624,0.1014536443383442,0.1344631343963357,greater than 11.0
M,0.6994643487393408,0.40791104410610934,0.18403468845013232,1.8909809492449474,0.3547975836994835,0.3664720051742268,0.6692938498831933,greater than 11.0
M,0.47041554559793997,0.44768981494419496,0.10544851534602427,1.8679724882433477,0.3720928666095704,0.1956272745329517,0.16794065609512926,greater than 11.0
M,0.6945461236976256,0.43143404834756366,0.15521848216928402,0.5801045659932373,0.126823064396765,0.03495225008243005,0.3682170432431683,greater than 11.0
F,0.44893422153031975,0.5167623810373477,0.10746190509776836,0.5934115088618844,0.06762901218005787,0.3844953988608284,0.4243536717208902,greater than 11.0
F,0.4595115806455966,0.4169715947147857,0.1818966162375711,1.7014328274055959,0.28508750212924555,0.0426999985872826,0.5547877198005591,greater than 11.0
F,0.3762336651373279,0.5601943506433036,0.13767234322921026,1.026401082570312,0.41046478318103763,0.21881775055625272,0.12735956905105486,greater than 11.0
