class,largest_spot_size,spot_distribution,activity,evolution,previous_activity,complex,complex_path,area,area_largest,c_class_flares
D,K,O,1.0008008,1.9990884,1,2.001107,1.999782,2.0374238,1,greater than 0.0
C,S,O,1.0009888,2.001683,1,1.0008099,2.0007186,0.99920166,1,greater than 0.0
D,S,O,0.99484175,1.9994742,1,1.0019037,1.999314,1.0004572,1,greater than 0.0
D,K,I,1.0005597,2.9871726,1,1.0001462,2.0001652,1.5300107,1,greater than 0.0
B,X,O,1.0033991,1.9988798,1,1.0011305,2.0011208,1.003285,1,greater than 0.0
C,K,C,1.0036498,3.0051641,1,2.0052454,1.9988791,1.3593899,1,greater than 0.0
D,S,O,1.0005876,2.0017927,1,1.0007195,2.0007977,1.001487,1,greater than 0.0
H,S,X,1.0011201,2.0018032,1,1.0006825,2.0007422,1.0005474,1,greater than 0.0
