cement,blast_furnace_slag,fly_ash,water,superplasticizer,coarse_aggregate,fine_aggregate,age,strength
289.22,119.89,2.11,179.43,6.98,911.19,828.39,29.0,between 34.44277358 and 46.13628654
252.15,1.98,94.31,192.51,5.59,950.39,856.19,57.0,between 34.44277358 and 46.13628654
181.09,129.21,117.81,180.41,3.49,1006.91,747.39,4.0,less than 23.707115153
391.49,20.91,93.49,158.49,13.59,940.49,846.49,29.0,greater than 46.13628654
215.19,141.01,1.01,203.01,0.99,974.01,751.01,91.0,between 34.44277358 and 46.13628654
248.53,0.53,124.53,144.53,12.53,1087.53,801.53,15.0,between 34.44277358 and 46.13628654
518.01,0.79,0.79,163.01,8.51,802.79,803.79,29.0,between 34.44277358 and 46.13628654
323.09,0.09,127.09,183.09,11.89,871.09,780.09,29.0,between 34.44277358 and 46.13628654
