cement,blast_furnace_slag,fly_ash,water,superplasticizer,coarse_aggregate,fine_aggregate,age,strength
278.46,11.0,0.0,192.0,0.0,972.59,753.865,21.0,between 23.707115153 and 34.44277358
305.3,0.0,121.62,203.5,6.72,965.4,778.45,90.0,between 34.44277358 and 46.13628654
310.0,22.0,0.0,192.0,0.0,970.0,850.0,7.0,less than 23.707115153
212.0,141.3,118.27,203.5,0.0,973.4,750.0,56.0,greater than 46.13628654
231.75,0.0,0.0,173.96,5.75,1056.4,757.73,14.0,between 23.707115153 and 34.44277358
331.0,203.5,0.0,192.0,0.0,978.0,825.0,7.0,less than 23.707115153
251.37,0.0,121.62,188.45,5.75,1028.4,748.5,100.0,between 34.44277358 and 46.13628654
141.3,0.0,0.0,203.5,0.0,971.8,631.0,28.0,between 23.707115153 and 34.44277358
