cement,blast_furnace_slag,fly_ash,water,superplasticizer,coarse_aggregate,fine_aggregate,age,strength
280.31,0.0,0.0,188.29,0.0,971.19,794.21,28.0,between 23.707115153 and 34.44277358
315.46,47.5,0.0,216.81,3.4,959.38,821.49,28.0,between 34.44277358 and 46.13628654
392.19,0.0,96.67,198.39,4.46,944.08,856.32,28.0,between 23.707115153 and 34.44277358
245.5,180.0,120.0,165.0,10.35,843.0,751.0,28.0,greater than 46.13628654
367.0,0.0,0.0,184.0,0.0,1023.5,739.36,28.0,between 34.44277358 and 46.13628654
303.0,0.0,0.0,209.6,0.0,1009.5,765.36,28.0,between 23.707115153 and 34.44277358
121.3,169.4,0.0,202.5,0.0,939.2,849.0,7.0,less than 23.707115153
201.5,290.2,0.0,184.7,0.0,998.2,704.3,28.0,between 23.707115153 and 34.44277358
