cement,blast_furnace_slag,fly_ash,water,superplasticizer,coarse_aggregate,fine_aggregate,age,strength
178.03,129.8,118.6,179.94,3.57,1007.3,746.8,3.0,less than 23.707115153
288.0,121.0,0.0,177.0,7.0,908.0,829.0,28.0,between 34.44277358 and 46.13628654
212.0,141.3,0.0,203.5,0.0,973.4,750.0,90.0,between 34.44277358 and 46.13628654
516.0,0.0,0.0,162.0,8.26,801.0,802.0,28.0,between 34.44277358 and 46.13628654
246.83,0.0,125.08,143.3,11.99,1086.8,800.89,14.0,between 34.44277358 and 46.13628654
250.0,0.0,95.69,191.84,5.33,948.9,857.2,56.0,between 34.44277358 and 46.13628654
321.4,0.0,127.9,182.5,11.5,870.1,779.7,28.0,between 34.44277358 and 46.13628654
387.0,20.0,94.0,157.0,13.93,938.0,845.0,28.0,greater than 46.13628654
