frequency,angle_of_attack,chord_length,free_stream_velocity,displacement_thickness,sound_pressure
4518.865221647421,0.9420801832865894,0.2727922050763281,47.12593621157508,0.0040688203902836265,between 120.191 and 125.721
2748.1640279737203,7.514575987108546,0.13087403013446694,35.719000922426254,0.002643792063888689,less than 120.191
4677.545293237386,7.920157746999281,0.06160298431524946,69.74795545976248,0.007611709816412228,greater than 129.9955
3533.2999556848495,10.094678226649737,0.06945111946598155,49.277750462174744,0.004161923586439729,greater than 129.9955
2973.0752872837465,8.43139837474786,0.21131267099131923,51.85248204746904,0.004036681427575516,between 120.191 and 125.721
2761.496419075389,7.472001822767221,0.18752905120770225,34.17307019273162,0.0026011151791050795,less than 120.191
5892.199323304782,5.100179308489778,0.10494189299983704,36.24040004003712,0.00961125202223165,less than 120.191
3902.0518735978753,8.42932015671549,0.17528504798807892,42.707478279565194,0.00510756057794474,less than 120.191
