frequency,angle_of_attack,chord_length,free_stream_velocity,displacement_thickness,sound_pressure
5496.7809626335165,13.62593559221583,0.054953600749789756,56.21799381499885,0.008272438199892929,less than 120.191
3731.770244602109,2.445293644220877,0.05098675822916854,70.23347968498108,0.0013914022294418532,less than 120.191
4442.580831746577,5.9604267023202,0.0504098251159419,54.0410053979198,0.023355953506797394,less than 120.191
12263.988026975381,20.02919549442915,0.05644016626871125,65.09293336774972,0.005972817577829623,less than 120.191
1208.8099613412314,2.027869549467037,0.031191983027829696,64.89369552074028,0.0005330639532674479,between 125.721 and 129.9955
3921.5212017003832,17.472203246860317,0.046935472094970204,54.154786189228055,0.036656024694557886,less than 120.191
1937.684959312865,14.248238089744566,0.03790401046539,56.99961777510517,0.018563087514703654,less than 120.191
2368.22052567916,15.960604499078848,0.033488935588327266,58.32032300240039,0.00105570825484444,less than 120.191
