frequency,angle_of_attack,chord_length,free_stream_velocity,displacement_thickness,sound_pressure
1854.5517695552096,1.3404056841766339,0.28422175239451597,68.41328003508592,0.005194036935524117,between 125.721 and 129.9955
1192.2899200596153,4.926844357589627,0.14727560275541565,56.485945284179294,0.0027052284049635085,between 125.721 and 129.9955
1326.5249471983705,3.1079423965616346,0.053206921677252356,58.769817513927975,0.004892943682100511,greater than 129.9955
1240.535995649567,3.116768042998294,0.18710558750191492,40.27172558626417,0.001672756821856819,between 125.721 and 129.9955
3066.5534743816315,2.162789307133052,0.05533089558707337,60.91826465522982,0.00990903244772987,greater than 129.9955
1029.0850415997768,8.833034988980257,0.06297711570378131,70.770270822093,0.0013973164865854137,greater than 129.9955
6325.663992659153,3.040512970471891,0.29379894171090676,66.87725664662699,0.005056647869797219,between 120.191 and 125.721
1327.9966315866743,5.862465035594397,0.05317482227473353,40.34543147141742,0.0020694323056024513,greater than 129.9955
