tau1,tau2,tau3,tau4,p1,p2,p3,p4,g1,g2,g3,g4,stab
8.58619907655233,7.10062457037352,6.35454353528945,9.23180121856461,2.73010405049077,-1.25356934637277,-0.530408265012375,-0.946126439105626,0.687556537819606,0.803393858951292,0.55400178956104,0.0511610959669144,greater than 0.044878440872278276
8.30352432445585,7.20452142127135,1.66670365163346,2.0883090122118,5.03238950035432,-1.84010995729186,-1.82948806178955,-1.36279148127291,0.753942289573475,0.6531872392519,0.686197929254213,0.0642641423001152,between 0.01714170443331965 and 0.044878440872278276
5.5624200681167,5.36021193010082,4.43411777539824,9.05619664012099,2.70514764034334,-0.599043834844255,-0.870647925725463,-1.23545587977362,0.771981391039571,0.178074698086021,0.664695181441896,0.1210548500197,between 0.01714170443331965 and 0.044878440872278276
0.893141166192607,6.71704692020714,7.78202044000648,8.06281440103423,3.73536636278895,-0.803466276389314,-1.30999220590566,-1.62190788049398,0.776548955420898,0.699795955035975,0.291980545916007,0.135147876578228,less than -0.015556906596825749
3.13281278770072,6.88725901246591,2.7123413434209,6.99467011792521,4.23467319825873,-0.709366808760282,-1.93073084797622,-1.59457554152223,0.188647004245932,0.428632924139972,0.0556837129022181,0.301833548714507,less than -0.015556906596825749
2.42334289067927,5.27938999966918,4.87699292928457,2.62101557776235,3.70144351387712,-0.787756585012167,-0.921840300327004,-1.99184662853795,0.702971924293905,0.850101359258746,0.664613423086802,0.273731468368024,greater than 0.044878440872278276
1.54236730470309,0.500141360493773,4.62098068409628,7.83251093342854,4.30106270984654,-0.935157840881567,-1.66852236588472,-1.69738250308025,0.341016471110512,0.312485861995644,0.15728583667792,0.109734505785031,less than -0.015556906596825749
1.69829954876244,7.24370353766397,7.09882462158905,7.41005395542392,4.16266313924915,-1.79435089013252,-1.43100816283966,-0.93730408627697,0.0950450214993174,0.349506910928224,0.351237002329066,0.771615606202631,between 0.01714170443331965 and 0.044878440872278276
