tau1,tau2,tau3,tau4,p1,p2,p3,p4,g1,g2,g3,g4,stab
4.63182550646473,9.78356930995255,8.62334946876848,7.49214628378715,3.98569539744303,-0.86302849231693,-1.70097830034542,-1.42168860478068,0.267560278915518,0.337339946983231,0.926501521419467,0.437128932874297,greater than 0.044878440872278276
3.82794261241448,5.10183655339958,8.4464784705396,2.70550146860513,2.41156070322599,-0.772695695388306,-0.683267160599749,-0.955597847237939,0.662226221614217,0.369860144965072,0.554516318249124,0.777676142609214,between 0.01714170443331965 and 0.044878440872278276
3.10831099583971,8.01901573131877,8.1741721283313,7.64746893149005,3.62328618129724,-1.17191529293264,-1.18782225049883,-1.26354863786577,0.366844581023623,0.622183108569926,0.211639414781281,0.599335096020364,between 0.01714170443331965 and 0.044878440872278276
1.21280682837465,6.20507991423788,9.51899005609753,1.56295996089942,4.75074331540359,-1.7933244786157,-1.75766769273952,-1.19975114404837,0.0801251958492969,0.914375102690095,0.516292005511347,0.760649535177781,between -0.015556906596825749 and 0.01714170443331965
1.50812417057598,5.2383402082811,1.72276333669532,7.90044371402406,3.82381537669084,-0.658820461044984,-1.31462976996164,-1.85036514568422,0.169407831526789,0.519135829575456,0.360571855807546,0.765772004579551,between -0.015556906596825749 and 0.01714170443331965
0.723455572470534,1.56411805882097,3.11559135083165,9.75149626471499,3.44136920692686,-0.740062262786983,-1.00421273386335,-1.69709421027653,0.90083494678126,0.928600979451032,0.424232850909741,0.0822355260831083,less than -0.015556906596825749
5.48391662269876,6.54616902352764,9.53170752523572,5.8299952143362,3.13483387514065,-0.891976745263825,-0.975143029718264,-1.26771410015856,0.291673871554629,0.874392279663309,0.751087971269365,0.517845315583752,greater than 0.044878440872278276
3.28316743393515,2.01132493145699,9.26277141929537,5.41069608647231,4.31685236506531,-1.69689222989182,-0.994518257324491,-1.625441877849,0.382978778598254,0.189137961449001,0.161662727428892,0.144250826204489,less than -0.015556906596825749
