tau1,tau2,tau3,tau4,p1,p2,p3,p4,g1,g2,g3,g4,stab
9.96251505732398,6.68904122981927,1.02010892808463,7.89180974770327,3.91238788529355,-1.64581671694771,-0.860923083151481,-1.40564808519436,0.56999101476821,0.787273926662346,0.71358358978474,0.22290256453015,between -0.015556906596825749 and 0.01714170443331965
6.29632621102822,6.68637060590315,8.9056092426467,8.8669077668695,3.94782855397911,-1.99204364762238,-1.25689030233008,-0.698894604026654,0.544450792982774,0.101274796200568,0.979386822586224,0.518231976277345,greater than 0.044878440872278276
0.564871658457001,2.06117389768149,8.37986672903096,4.32195057820147,3.0077774457647,-1.35989029106499,-0.665153245228226,-0.982733909471484,0.200725486948482,0.181963937839189,0.948610928084886,0.963033922572103,between 0.01714170443331965 and 0.044878440872278276
0.535430882696342,9.32443256978699,4.67140643748775,5.30091316851953,3.04554793063011,-1.98246918228621,-0.504731259328825,-0.558347489015071,0.111109571036707,0.893419731590715,0.14899355938049,0.235642555946672,between -0.015556906596825749 and 0.01714170443331965
4.51888059394399,1.28108898219715,4.23069877774075,8.51739091994384,3.93937696060786,-1.72239423819499,-1.19079782406428,-1.02618489834859,0.610276293818152,0.229741693272765,0.105378232953617,0.526115007289986,between -0.015556906596825749 and 0.01714170443331965
8.48843719586612,2.20566705445918,4.58144234229658,5.93853688110443,4.80581996807858,-1.30720316826422,-1.93879769121832,-1.55981910859604,0.118186547134481,0.265444752159192,0.216741853514479,0.429184019149371,less than -0.015556906596825749
5.9605775948217,1.35664013783392,4.06126399815108,4.89894079753986,3.65675513062918,-1.42897787064329,-0.542783302892535,-1.68499395709335,0.758392819229712,0.112302745257121,0.617726547156337,0.908029248032328,greater than 0.044878440872278276
9.75065089462145,9.27074523283689,6.70549027939136,7.64376348813559,1.90225408359339,-0.620961232352548,-0.605239563208772,-0.676053288032068,0.811185503818789,0.76926027245095,0.897713089854786,0.570748455266308,greater than 0.044878440872278276
