duration,codec,width,height,bitrate,framerate,i,p,b,frames,i_size,p_size,size,o_codec,o_bitrate,o_framerate,o_width,o_height,utime
49.178333,mpeg4,176.0,144.0,54338.0,7.0,10.0,334.0,0.0,344.0,33046.0,300986.0,334032.0,flv,56000.0,12.0,320.0,240.0,less than 2.096
203.198,flv,320.0,240.0,239336.0,29.0,104.0,5974.0,0.0,6078.0,853613.0,5225468.0,6079081.0,mpeg4,242000.0,25.0,320.0,240.0,less than 2.096
176.901,vp8,480.0,360.0,26968.0,25.113636,38.0,4382.0,0.0,4420.0,393395.0,202954.0,596349.0,mpeg4,539000.0,15.0,1920.0,1080.0,between 4.408 and 10.433
157.891,h264,480.0,360.0,406908.0,29.0,87.0,4646.0,0.0,4733.0,1776729.0,6254165.0,8030894.0,flv,109000.0,15.0,1920.0,1080.0,between 2.096 and 4.408
255.28,flv,320.0,240.0,250276.0,25.0,110.0,6272.0,0.0,6382.0,611474.0,7374864.0,7986338.0,h264,3000000.0,25.0,1920.0,1080.0,greater than 10.433
440.967,h264,320.0,240.0,281642.0,30.0,236.0,12994.0,0.0,13230.0,2444863.0,13079542.0,15524405.0,vp8,242000.0,25.0,320.0,240.0,between 2.096 and 4.408
270.655,vp8,640.0,480.0,652967.0,30.062963,89.0,8028.0,0.0,8117.0,1912240.0,20178890.0,22091130.0,h264,5000000.0,29.97,1920.0,1080.0,greater than 10.433
292.092,h264,480.0,360.0,480125.0,29.0,156.0,8599.0,0.0,8755.0,2375028.0,15155062.0,17530090.0,mpeg4,56000.0,29.97,480.0,360.0,between 4.408 and 10.433
