theta1,theta2,theta3,theta4,theta5,theta6,thetad1,thetad2,thetad3,thetad4,thetad5,thetad6,tau1,tau2,tau3,tau4,tau5,dm1,dm2,dm3,dm4,dm5,da1,da2,da3,da4,da5,db1,db2,db3,db4,db5,thetadd6
-0.236,1.463,-0.468,0.649,-0.107,-1.213,0.932,0.278,-0.319,0.581,-1.192,-1.855,-22.351,-59.219,-46.819,-27.491,18.635,1.817,1.422,0.939,2.201,1.513,0.761,1.934,0.328,0.982,1.495,1.201,0.655,1.396,less than -0.023711622,,
-1.932,0.164,-1.547,0.712,-0.941,-0.462,-0.126,-0.549,0.473,-0.247,-0.317,1.611,-10.198,67.387,-27.316,32.588,-20.631,0.567,2.134,1.291,0.401,2.404,0.516,0.684,2.244,1.778,0.445,0.903,0.737,2.053,between -0.023711622 and -0.00016276260500000002,,
1.631,-0.829,0.817,1.098,1.757,0.243,-0.944,-1.615,-0.821,-0.617,0.274,-1.047,13.467,-37.942,-67.427,25.799,-50.937,2.066,1.295,0.917,0.937,0.831,2.035,1.925,0.815,0.522,2.201,0.467,2.012,0.778,greater than 0.02356751225,,
-1.355,-0.449,-0.646,0.509,0.427,-1.761,-0.823,0.129,-1.331,-0.936,-0.945,-0.339,-46.391,-28.191,-25.616,-13.199,-12.469,1.854,1.924,1.382,0.741,0.993,0.452,1.354,0.933,2.388,0.911,1.751,0.594,0.986,less than -0.023711622,,
-0.797,0.737,1.474,-1.251,0.627,-1.396,1.427,-0.961,0.645,-0.216,0.778,-2.068,2.832,59.143,22.517,69.403,10.449,0.864,1.611,0.927,1.966,2.147,0.936,0.623,0.819,0.987,2.378,0.475,1.758,1.419,between -0.00016276260500000002 and 0.02356751225,,
1.249,-0.181,-0.298,0.983,-1.764,0.853,0.517,-1.881,1.293,0.619,-1.062,-0.607,-33.671,-62.441,-51.476,37.911,-54.586,0.725,2.147,0.612,2.365,0.658,2.116,0.985,1.759,0.437,2.149,0.977,1.649,0.494,less than -0.023711622,,
-1.174,0.985,-0.351,0.262,-1.634,-0.624,-0.446,-0.342,-1.625,-1.247,1.596,-0.701,28.482,-16.821,-72.859,-3.751,-23.794,2.131,0.751,0.795,1.759,0.956,2.082,0.759,0.945,1.987,0.936,0.859,0.693,0.964,greater than 0.02356751225,,
-2.025,-0.218,-1.194,-1.684,-0.549,-0.341,-0.859,0.449,0.475,-0.629,0.822,-2.059,-18.465,-4.849,-49.885,66.542,15.408,2.195,2.181,0.765,1.821,0.965,1.819,2.055,0.823,0.956,2.036,1.632,0.885,0.713,between -0.023711622 and -0.00016276260500000002,,
