cement,blast_furnace_slag,fly_ash,water,superplasticizer,coarse_aggregate,fine_aggregate,age,strength
195.48323,230.41234,120.331894,243.09528,11.998927,962.83,795.5584,28.013834,less than 23.707115153
291.0227,0.39514622,0.5441823,203.99881,0.025543815,1009.7473,889.9203,7.1783524,between 23.707115153 and 34.44277358
296.68405,46.31019,0.103465274,221.85872,-0.00714254,1031.2537,733.54895,7.715869,less than 23.707115153
290.07098,168.86145,112.23607,173.26851,9.852621,981.0694,657.974,6.273493,between 23.707115153 and 34.44277358
312.69778,158.03265,0.07453251,186.59358,-0.043357704,956.1418,677.4442,27.974243,between 23.707115153 and 34.44277358
298.53198,-0.28310496,97.04391,233.87964,10.244422,751.577,693.5936,28.051233,between 23.707115153 and 34.44277358
285.67422,-0.98293966,0.016364448,214.78662,-0.047430336,987.6907,747.3957,28.030954,greater than 46.13628654
240.24661,179.8401,107.2782,209.1801,4.4278827,964.0172,643.4162,27.993502,between 23.707115153 and 34.44277358
