cement,blast_furnace_slag,fly_ash,water,superplasticizer,coarse_aggregate,fine_aggregate,age,strength
266.33368,209.62177,-1.0176883,179.14763,6.6983833,868.4348,865.47943,77.188286,greater than 46.13628654
244.87062,163.40799,-0.2706041,197.77068,-0.009347723,951.2397,697.54724,49.92145,between 23.707115153 and 34.44277358
217.83144,-0.26905972,0.12386273,191.86449,-0.0151838185,972.65265,791.14905,22.3683,between 23.707115153 and 34.44277358
316.37772,18.610195,122.455215,178.74553,8.434502,1014.80554,557.4496,16.567549,between 23.707115153 and 34.44277358
253.21355,175.70753,131.23837,178.21967,9.341145,1036.6508,634.2634,100.43298,greater than 46.13628654
247.08092,22.273582,0.52966946,195.86176,0.0041386285,968.71747,769.59906,89.01436,less than 23.707115153
225.29208,0.3739176,125.669235,173.68108,6.7768297,1060.3422,779.09937,14.309622,between 23.707115153 and 34.44277358
283.8197,-1.251848,126.017715,178.77165,7.109318,993.8749,816.4884,75.891235,between 23.707115153 and 34.44277358
