cement,blast_furnace_slag,fly_ash,water,superplasticizer,coarse_aggregate,fine_aggregate,age,strength
184.09871,127.770195,102.75406,184.50194,0.2302049,1082.9666,854.81647,12.83601,between 34.44277358 and 46.13628654
291.3382,-0.9880201,88.89954,184.98569,6.192814,871.388,762.8769,27.570183,between 34.44277358 and 46.13628654
252.423,20.228058,99.6451,151.34673,6.9438457,906.24695,802.7395,27.836086,less than 23.707115153
225.57837,152.39197,0.35356024,182.58429,19.54078,830.11255,754.2014,22.19999,greater than 46.13628654
154.50493,124.10082,116.0641,186.3821,6.683594,984.15,828.57404,56.232925,between 34.44277358 and 46.13628654
178.35529,17.630022,122.98885,200.87526,12.195583,965.49414,773.89215,42.067863,less than 23.707115153
314.7087,-0.16485691,125.99332,189.41571,5.7159605,864.86005,845.79407,93.87078,between 34.44277358 and 46.13628654
418.2492,45.469948,96.76515,189.26299,-0.6344581,825.02966,757.6879,25.97967,less than 23.707115153
