min,1st_quantile,mean,median,3rd_quantile,max
16.815,25.8,30.160355805243448,30.03,33.735,53.13
16.84,25.807499999999997,30.4587,30.28,34.9475,46.49
