min,1st_quantile,mean,median,3rd_quantile,max
1135.9407,4732.628225,13396.39949940075,9447.3824,16909.822724999998,62592.87309
1456.66,7644.3475,22474.6782,15889.83,37199.1525,62184.08
