Model,Test MSE,Test R2,Test Adjusted R2,Test MAE,Test RMSE,Train MSE,Train R2,Train Adjusted R2,Train MAE,Train RMSE
LinearRegression,40632320.03674252,0.7201727380552219,0.7159248858814871,4559.974022665667,6374.348597052292,60104460.04351227,0.7523674181126472,0.7435627040899857,5697.080760029777,7752.70662694728
Lasso,40617283.76274774,0.7202762900891201,0.716030009862769,4559.234442655619,6373.169051794228,60104549.82599091,0.7523670482055391,0.743562321030625,5697.10232859739,7752.712417340844
DecisionTree,41702710.59328039,0.7128011565561421,0.7084414018169564,3239.04374759944,6457.763590693019,0.0,1.0,1.0,0.0,0.0
RandomForest,27133904.534619406,0.8131338253654329,0.8102971471926121,2965.6017563076566,5209.02145653283,5707211.111301349,0.9764860807027532,0.9756500302388511,1429.0016680451831,2388.977000998827
