Model,Test MSE,Test R2,Test Adjusted R2,Test MAE,Test RMSE,Train MSE,Train R2,Train Adjusted R2,Train MAE,Train RMSE
LinearRegression,54038396.63399845,0.6278475716792966,0.6221981989533656,5512.683848573179,7351.08132413174,84284346.83581744,0.7339938547075103,0.710736486813085,7252.944381697916,9180.65067605872
Lasso,53996055.64591312,0.6281391662216028,0.6224942199782875,5509.766239338002,7348.2008441463495,84284419.23755199,0.7339936262035587,0.7107362383306457,7253.299211566038,9180.654619227977
DecisionTree,57179917.4592183,0.6062124996462734,0.6002347007794238,4129.992572884221,7561.740372375813,0.0,1.0,1.0,0.0,0.0
RandomForest,33429204.92672318,0.7697792576161798,0.7662844455875829,3141.6747026134453,5781.799454038784,6444255.700811741,0.979661566084254,0.9778833423539156,1536.208393000001,2538.55386013607
