Model,Test MSE,Test R2,Test Adjusted R2,Test MAE,Test RMSE,Train MSE,Train R2,Train Adjusted R2,Train MAE,Train RMSE
LinearRegression,37855955.92761068,0.7392930434209403,0.7353354425620551,4286.18243307631,6152.719392887237,35841011.93596574,0.7640315520853884,0.7489295714188533,4190.225427296809,5986.73633426141
Lasso,37846790.306879394,0.7393561653532085,0.7353995227020238,4285.733769186005,6151.974504732557,35841156.817076854,0.7640305982236231,0.748928556509935,4190.509188364856,5986.7484344238865
DecisionTree,40899052.67358915,0.7183357997909876,0.7140600624064106,3160.2776965350145,6395.236717556993,0.0,1.0,1.0,0.0,0.0
RandomForest,24003724.454749897,0.8346907957858252,0.8321813581506954,2800.687121455182,4899.359596391134,3379573.910199953,0.9777497127696233,0.9763256943868792,1079.393083522099,1838.3617462838897
