school,sex,age,address,famsize,Pstatus,Medu,Fedu,Mjob,Fjob,reason,guardian,traveltime,studytime,failures,schoolsup,famsup,paid,activities,nursery,higher,internet,romantic,famrel,freetime,goout,Dalc,Walc,health,absences,G3
MS,F,15.95656,R,GT3,T,3.0018034,2.002559,other,other,course,mother,2.9983246,1.0031612,-0.017088339,no,no,no,no,yes,yes,yes,yes,4.002663,2.9979792,4.0010014,0.9993113,0.9886002,2.9896402,-0.01944924,between 12.0 and 14.0
GP,F,18.998968,U,GT3,T,1.9974012,2.0004146,services,at_home,course,mother,0.9948424,2.0014603,0.00091484643,no,yes,no,yes,yes,no,yes,yes,2.994913,5.001885,4.0010614,2.0179496,4.041234,0.7640232,11.623924,between 10.0 and 12.0
MS,F,18.00558,R,GT3,T,2.0011888,2.0000806,at_home,other,course,mother,3.0065618,2.0044298,1.020978,no,no,no,yes,yes,yes,no,yes,4.9743724,2.9951568,3.0065346,0.9997278,4.00532,2.9832754,13.199387,between 10.0 and 12.0
GP,M,16.0053,U,GT3,T,2.992674,2.0013108,services,services,course,mother,0.99440694,0.99959445,0.0018429202,no,yes,no,no,yes,yes,yes,yes,5.0128636,2.9992082,4.0028486,4.0321083,3.9788764,2.975296,2.3297002,between 10.0 and 12.0
GP,M,16.007158,U,GT3,T,1.995983,0.99197686,other,services,home,mother,2.0012805,2.0013697,0.0029015504,no,no,no,yes,yes,yes,yes,yes,3.9996405,2.9992788,4.000443,4.0609856,3.9873655,3.0038812,9.444135,between 10.0 and 12.0
GP,M,18.004114,U,GT3,T,1.9952202,2.0022404,services,other,home,mother,0.9904351,2.0010436,-0.015381344,no,yes,no,yes,yes,yes,yes,no,5.005081,4.008332,4.001651,4.434889,3.9563968,4.9940968,8.886522,between 10.0 and 12.0
GP,M,18.994492,U,LE3,T,3.0031006,2.0004704,services,at_home,home,mother,2.0019367,1.0036076,-0.0029094997,no,no,no,no,no,yes,yes,yes,3.9932995,2.9999518,4.000272,4.2075324,1.9585589,3.0045135,6.513855,between 12.0 and 14.0
GP,M,18.007639,U,GT3,A,0.99523216,1.0222114,other,at_home,course,other,1.0079905,2.0024495,0.0032175924,no,yes,no,yes,no,yes,yes,yes,5.0114155,3.00102,4.000793,7.7827196,3.962376,1.0125654,1.9800081,between 10.0 and 12.0
