school,sex,age,address,famsize,Pstatus,Medu,Fedu,Mjob,Fjob,reason,guardian,traveltime,studytime,failures,schoolsup,famsup,paid,activities,nursery,higher,internet,romantic,famrel,freetime,goout,Dalc,Walc,health,absences,G3
GP,F,17.988964,R,GT3,T,1.9799067,3.0207553,health,other,reputation,mother,1.0001602,1.9882193,1.0649093,yes,yes,no,yes,yes,yes,yes,no,3.99862,1.0258517,4.0046887,1.0008622,2.002914,0.972062,4.074523,between 12.0 and 14.0
GP,F,15.992943,R,GT3,T,3.990908,3.0010674,other,other,reputation,father,0.99953824,4.003234,1.0082152,no,no,no,yes,yes,yes,yes,no,5.007301,3.9938443,4.0076566,1.0003296,0.98193544,5.0148606,2.7876813e-05,between 12.0 and 14.0
GP,F,17.006315,U,GT3,T,1.9935942,0.9733385,other,other,course,mother,0.9988138,2.0127017,0.0011341452,no,yes,no,yes,yes,yes,yes,no,3.9968026,2.9872746,3.0121365,0.9999692,1.0014888,4.989836,0.005518793,between 10.0 and 12.0
GP,F,16.999277,U,GT3,T,4.002235,3.0281956,services,other,reputation,mother,1.0002694,1.9983448,0.001702907,yes,yes,no,yes,yes,yes,yes,no,3.9955842,3.0082297,2.9928274,1.0036353,2.994035,4.042617,0.010403879,between 12.0 and 14.0
GP,F,17.995378,R,GT3,T,3.0031774,1.0107497,services,other,course,mother,1.0005977,3.9912548,0.00024295079,no,yes,no,yes,yes,yes,yes,no,4.003849,0.9891815,2.0169065,1.0012795,1.9922657,1.0886421,4.055288,between 10.0 and 12.0
GP,F,18.002575,U,GT3,T,4.0165257,3.0058508,health,other,reputation,mother,1.0001297,2.9751532,0.002370639,no,yes,no,yes,yes,yes,yes,no,4.000996,1.024319,2.9931724,1.0054616,4.0386367,2.0766015,-0.000871744,between 12.0 and 14.0
GP,F,18.000748,U,GT3,T,4.0020847,4.069916,teacher,other,reputation,mother,1.0033599,0.9907704,1.0057397,no,yes,no,yes,yes,yes,yes,no,3.9981897,2.9955459,3.0084672,0.9991702,1.9924784,4.0417504,-0.05086021,between 12.0 and 14.0
GP,F,16.007599,U,LE3,T,0.97256523,2.0313945,teacher,other,home,mother,0.9989692,2.9928408,0.0036534078,no,yes,no,yes,yes,yes,yes,no,4.0024185,3.9993918,4.0040708,0.80803293,0.720098,2.0079463,1.0273646,between 10.0 and 12.0
