lread,lwrite,scall,sread,swrite,fork,exec,rchar,wchar,pgout,ppgout,pgfree,pgscan,atch,pgin,ppgin,pflt,vflt,runqsz,freemem,freeswap,usr
72.47389,83.80573,2544.7375,1.4942012,86.33978,-0.91178036,0.44485328,-80494.51,-201288.06,-0.005217979,7.227936,0.2720959,0.0045897868,0.13260831,-6.7145796,-0.7167881,-222.19453,-42.896366,5.4264994,1868.7286,1699405.4,greater than 94.0
1.7117735,0.44478095,3787.6191,20.752016,144.88168,0.030145096,0.17986242,64273.23,36848.375,0.47087348,6.445319,9.711418,0.0013835449,0.088226356,-4.1066685,-28.483809,-14.242976,115.26608,0.58380204,4982.0464,1119150.6,between 81.0 and 89.0
4.2716327,2.3534305,4840.251,227.67368,168.82622,1.4798521,1.9973693,146618.38,47886.465,3.0170336,-3.500565,-0.04748196,0.004077719,3.4301505,31.565762,34.007763,157.20041,181.88043,4.136119,228.7742,1718260.1,greater than 94.0
52.95614,76.11724,2951.183,55.135136,-51.721325,-0.6074517,0.50210494,48689.312,44419.523,0.44664437,2.517576,4.4515605,0.004095499,0.67696476,8.62468,0.14590845,54.62573,-23.785038,1.621577,1903.256,1037647.8,between 81.0 and 89.0
18.328009,18.509287,4874.8115,-23.512604,160.33235,7.034106,2.5506785,259551.44,105667.18,-0.0041312566,-0.03559514,-0.054069947,0.004289491,0.76369786,14.127739,16.826082,311.30472,707.6098,7.4174333,199.72983,1399215.1,less than 81.0
6.428241,1.2550533,2213.8262,-80.53407,-28.700653,-0.8750736,0.29707882,9668.26,43150.504,0.18029843,-0.04194078,0.3191697,0.0031330357,0.1168513,-2.457614,-1.4397105,-46.395367,-265.7561,1.6600916,1750.5457,1576256.2,greater than 94.0
19.347013,19.480154,2438.4297,365.07333,142.82481,2.6353824,4.1195645,216715.33,64754.5,5.6126995,7.1025476,8.390363,0.04181164,3.3799393,6.8365088,6.8389964,176.86592,406.51624,1.3470486,28.037022,1780934.5,less than 81.0
7.5624847,2.7609568,3179.6814,815.0194,219.63736,2.3905778,1.5387607,248746.77,23303.629,0.0029653304,0.0014309846,-0.022791427,0.00093251327,0.6081399,7.992464,10.100285,117.84902,295.40558,2.3936486,382.7192,1294785.8,less than 81.0
