lread,lwrite,scall,sread,swrite,fork,exec,rchar,wchar,pgout,ppgout,pgfree,pgscan,atch,pgin,ppgin,pflt,vflt,runqsz,freemem,freeswap,usr
-5.6384244,2.7111547,5128.877,325.81754,165.56442,0.62989545,-0.8448021,6066.652,222269.72,0.0041150423,0.021028047,0.013414026,0.0,0.0004261837,12.638069,18.919718,53.89626,99.03755,-0.2350326,206.87341,960870.7,greater than 94.0
7.169499,-0.12882757,4712.5215,300.48297,185.39102,3.416204,2.8139222,162107.44,118373.57,5.476355,8.297961,4.6444387,0.0,2.8002448,19.067282,7.404424,166.68718,314.91782,1.7429403,274.37503,1052240.1,between 89.0 and 94.0
-4.2112265,114.49665,413.16437,96.57132,-65.614174,0.9311318,2.261677,14230.509,138520.05,0.029002026,8.470145,-0.8498921,0.0,-0.6528004,-3.8577564,-5.994431,57.644913,26.532457,1.3204395,1523.7631,1661897.4,less than 81.0
7.3128943,1.7326107,2133.5732,243.3889,52.049286,6.5693154,2.2712326,154189.58,33092.49,0.0020706751,-0.0021540024,0.004814673,0.0,-0.0027821064,3.2883115,3.4595022,271.40372,-10.125477,3.3219438,907.83167,1844557.9,between 89.0 and 94.0
-9.419752,0.13812327,1578.9845,368.59604,140.38495,-2.2946024,-2.1720026,417211.22,153548.62,5.504318,8.237684,7.8178573,0.0,0.2607875,14.755086,16.742271,-113.34232,-70.84273,6.9798164,468.527,1751814.6,greater than 94.0
-1.4862763,-0.20988819,5112.3525,451.09824,336.08826,6.099798,1.9160053,1217046.8,176486.94,0.0022791252,-0.0010787148,0.003500796,0.0,0.0027539083,15.817815,11.347278,305.55832,484.21448,4.2371087,-107.737854,1213683.0,between 89.0 and 94.0
15.318769,3.1780174,3891.693,209.84651,105.74266,6.4260077,2.6573162,207277.03,54369.598,-0.0020625712,-0.00077560614,0.003709035,0.0,0.010854417,3.9675431,5.898831,266.57828,408.24728,0.9315163,550.31305,1133353.0,between 89.0 and 94.0
24.707108,4.472345,4653.4336,332.67975,379.14005,5.4313884,0.9330883,441831.03,22960.482,0.0028746556,0.0020899763,0.0181303,0.0,0.0052032056,5.556427,7.7503757,282.55643,349.43268,4.008164,687.02344,1184935.8,between 89.0 and 94.0
