duration,codec,width,height,bitrate,framerate,i,p,b,frames,i_size,p_size,size,o_codec,o_bitrate,o_framerate,o_width,o_height,utime
233.90523,h264,483.84912,362.03287,492204.0,29.024588,120.14979,7264.8945,0.0,7475.982,1683857.5,12504065.0,14490325.0,mpeg4,109485.41,23.950148,320.77026,241.56557,between 2.096 and 4.408
55.57681,mpeg4,176.14438,144.37143,57952.113,11.931004,25.234055,1832.9281,0.0,2086.5908,-273752.34,8450502.0,17777780.0,flv,5427072.0,21.357561,327.11758,242.35446,greater than 10.433
296.40872,mpeg4,174.09612,143.67256,-335669.1,12.0211525,119.986694,4900.1616,0.0,4860.8467,28733.182,2264593.2,2675886.5,flv,4975463.5,29.824963,182.8816,150.5093,less than 2.096
425.8426,mpeg4,176.4093,144.20097,62017.56,11.980881,165.62561,10108.543,0.0,10588.671,943740.2,13984003.0,16380478.0,flv,86328.89,30.018059,177.75941,143.1991,between 2.096 and 4.408
368.6753,mpeg4,176.1439,144.18405,55329.17,11.935044,140.72577,5077.7686,0.0,5304.44,190971.1,9274699.0,5722369.0,flv,4897531.0,30.060953,171.92058,145.2352,between 2.096 and 4.408
229.50934,h264,640.06995,480.3622,651207.94,29.032257,109.41404,5669.6436,0.0,5491.9717,581703.7,14576771.0,23150494.0,flv,104311.16,29.986082,169.1112,142.86508,less than 2.096
195.24756,h264,639.0056,479.96405,654823.44,29.00596,107.746284,5211.4434,0.0,5405.313,2626642.8,9288054.0,15757700.0,mpeg4,90486.93,24.181282,312.99323,240.05162,between 2.096 and 4.408
270.65182,mpeg4,176.20532,144.42247,58908.797,11.950752,110.82741,3507.3506,0.0,3487.181,124415.79,1676192.4,1782491.5,flv,4996014.0,29.885468,170.24237,141.1099,less than 2.096
