duration,codec,width,height,bitrate,framerate,i,p,b,frames,i_size,p_size,size,o_codec,o_bitrate,o_framerate,o_width,o_height,utime
25.396503,vp8,483.43988,432.9518,126108.336,13.031664,48.83522,2141.5466,0.0,501.6616,217667.94,238316.42,98878.34,mpeg4,8508.609,24.012194,1336.5789,735.28625,less than 2.096
133.63907,vp8,317.13516,240.24818,141186.16,25.006523,32.29844,2434.2185,0.0,2225.0513,730570.8,4459595.5,5955771.0,h264,75670.08,25.04966,736.96814,488.96814,greater than 10.433
74.18651,vp8,314.78717,240.61786,128874.32,25.154354,41.89591,1369.7706,0.0,1411.353,230659.89,1417966.2,1491680.0,flv,124529.97,23.991404,340.31992,247.86166,between 2.096 and 4.408
51.805298,mpeg4,175.93454,144.11755,53413.773,6.854806,11.641541,527.1554,0.0,536.1832,42101.465,356574.06,355059.88,h264,3241766.0,24.002369,1247.8595,713.85333,greater than 10.433
17.971727,mpeg4,177.03339,144.12776,53585.75,7.3358502,4.508485,-3020.4033,0.0,17376.568,71471.234,599669.44,85826.95,vp8,3053482.8,25.020464,563.93164,417.40036,between 2.096 and 4.408
454.0065,vp8,319.62177,239.83014,132720.67,25.175632,108.999214,16933.281,0.0,41860.44,1125574.9,9457368.0,13501870.0,mpeg4,111064.08,14.989342,651.1325,474.68225,greater than 10.433
348.41144,h264,487.1221,356.61887,279140.56,24.775045,36.85971,5399.0303,0.0,5789.433,65613.5,2392619.8,3238440.8,mpeg4,252971.92,14.947857,1359.6433,752.60034,between 4.408 and 10.433
83.977325,mpeg4,176.1335,143.85391,57516.812,12.117022,20.805475,932.1485,0.0,1009.00696,48986.15,770646.1,852170.4,flv,242452.38,25.051216,770.4216,504.95724,less than 2.096
