duration,codec,width,height,bitrate,framerate,i,p,b,frames,i_size,p_size,size,o_codec,o_bitrate,o_framerate,o_width,o_height,utime
442.45453,mpeg4,362.951,240.35942,255624.72,27.606173,179.47179,11595.618,0.0,11697.633,758501.25,11189364.0,11937474.0,vp8,2234247.8,24.96904,310.71304,241.67258,between 2.096 and 4.408
225.1468,h264,636.3577,477.90744,599618.0,24.808487,75.65662,7812.8076,0.0,7980.0894,2855572.5,20931908.0,20601484.0,mpeg4,51824.65,30.020622,1931.6377,1081.4377,between 2.096 and 4.408
270.09766,mpeg4,480.7878,360.23358,397152.6,32.033516,118.781906,9765.239,0.0,9958.411,2283938.8,12140218.0,14562320.0,h264,164966.3,29.956966,317.44003,240.63354,greater than 10.433
204.78825,flv,479.08835,360.4267,380801.03,28.99958,123.064835,5532.818,0.0,5645.8486,1619924.6,9089774.0,10875590.0,flv,384591.03,12.039553,313.05725,242.82414,between 2.096 and 4.408
798.2797,flv,-214.8946,18.63211,140843.55,38.0349,302.5572,11717.569,0.0,10989.288,637997.0,10027058.0,11500758.0,vp8,3000768.0,12.043647,1916.4985,1081.6857,between 2.096 and 4.408
-28.54571,vp8,479.85385,359.82718,126298.445,24.876232,51.153088,859.4405,0.0,867.6811,1008702.06,-780046.75,-12294805.0,h264,1597894.8,29.98324,1919.7416,1082.4882,between 2.096 and 4.408
367.40717,h264,175.45996,145.09808,99185.22,28.961853,161.563,10413.009,0.0,10695.534,2875796.2,13636227.0,16414957.0,h264,988920.75,29.811277,1934.3616,1081.0228,greater than 10.433
232.85846,vp8,176.0211,145.49081,38689.81,7.643509,163.13287,5178.147,0.0,5278.0493,978250.44,15538659.0,13626021.0,h264,-347721.97,25.03383,1928.6527,1081.4291,between 2.096 and 4.408
