min,1st_quantile,mean,median,3rd_quantile,max
0.000400682,0.00253511,0.01229835338235294,0.004698325,0.01889085,0.0584113
0.000740478,0.00266337,0.009870795515625,0.006762795,0.012232675,0.0584113
