Target,Model,Accuracy,Precision,Recall,F1,ROC AUC,Train Accuracy,Train Precision,Train Recall,Train F1,Train ROC AUC
sound_pressure,NaiveBayes,0.4230769230769231,0.4303571428571428,0.42261904761904756,0.4170814479638009,0.6784617794486215,0.5294117647058824,0.5807860838348643,0.5903675023530418,0.5166133043817005,0.8651634219897085
sound_pressure,KNeighbors,0.2692307692307692,0.1794871794871795,0.25,0.20192307692307693,0.49862938596491235,0.5294117647058824,0.6292353823088456,0.4809804697527167,0.4624338624338624,0.8109101072681408
sound_pressure,DecisionTree,0.19230769230769232,0.2002164502164502,0.1845238095238095,0.18253968253968253,0.45640664160401,1.0,1.0,1.0,1.0,1.0
sound_pressure,RandomForest,0.23076923076923078,0.1654040404040404,0.22023809523809523,0.1875,0.615953947368421,1.0,1.0,1.0,1.0,1.0
sound_pressure,XGBoost,0.3076923076923077,0.3333333333333333,0.30952380952380953,0.315018315018315,0.5725642230576441,0.9803921568627451,0.9848484848484849,0.9757543103448276,0.979737018958687,0.9995116104070032
sound_pressure,CatBoost,0.46153846153846156,0.5401785714285714,0.4642857142857143,0.47857142857142854,0.6531954887218046,1.0,1.0,1.0,1.0,1.0
