Target,Model,Accuracy,Precision,Recall,F1,ROC AUC,Train Accuracy,Train Precision,Train Recall,Train F1,Train ROC AUC
sound_pressure,NaiveBayes,0.34615384615384615,0.3333333333333333,0.35119047619047616,0.3240821678321678,0.6503367794486216,0.484375,0.5586722488038278,0.5603756708407872,0.47658730158730156,0.8093738374840913
sound_pressure,KNeighbors,0.2692307692307692,0.32965686274509803,0.2619047619047619,0.24444444444444444,0.6724232456140351,0.4609375,0.4880288957688338,0.44287418008348245,0.4539296266451786,0.7337584889388589
sound_pressure,DecisionTree,0.3076923076923077,0.3523351648351648,0.30952380952380953,0.29594017094017094,0.5386434837092732,0.9921875,0.9907407407407407,0.9875,0.9888727624576681,0.9998949953913189
sound_pressure,RandomForest,0.34615384615384615,0.5333333333333333,0.3333333333333333,0.2936507936507936,0.718781328320802,0.9921875,0.9907407407407407,0.9875,0.9888727624576681,0.9998949953913189
sound_pressure,XGBoost,0.38461538461538464,0.43333333333333335,0.37499999999999994,0.359469696969697,0.6324091478696742,0.9921875,0.9880952380952381,0.9903846153846154,0.9890004782400765,0.9998949953913189
sound_pressure,CatBoost,0.2692307692307692,0.3680555555555556,0.2619047619047619,0.24805555555555556,0.6165570175438596,0.9921875,0.9880952380952381,0.9903846153846154,0.9890004782400765,0.9998949953913189
