Target,Model,Accuracy,Precision,Recall,F1,ROC AUC,Train Accuracy,Train Precision,Train Recall,Train F1,Train ROC AUC
sound_pressure,NaiveBayes,0.38461538461538464,0.4318181818181818,0.40476190476190477,0.3464052287581699,0.7152490601503759,0.3695652173913043,0.6414747032221594,0.4507938007938008,0.3483991224827052,0.7722516936756627
sound_pressure,KNeighbors,0.34615384615384615,0.27976190476190477,0.33333333333333337,0.28146853146853146,0.5830513784461152,0.4956521739130435,0.5147531830096828,0.46330666330666337,0.47037641852370193,0.7775111410137183
sound_pressure,DecisionTree,0.3076923076923077,0.3083333333333333,0.2976190476190476,0.28708133971291866,0.5507283834586466,0.9956521739130435,0.9955357142857143,0.9930555555555556,0.9942266209871844,0.9999691149343211
sound_pressure,RandomForest,0.46153846153846156,0.5,0.45833333333333337,0.45582137161084535,0.6923402255639097,0.9956521739130435,0.9932432432432432,0.9954545454545455,0.9942817644841021,0.9999333188289374
sound_pressure,XGBoost,0.4230769230769231,0.4583333333333333,0.43452380952380953,0.4405080213903743,0.6631578947368421,0.9956521739130435,0.9932432432432432,0.9954545454545455,0.9942817644841021,0.9999691149343211
sound_pressure,CatBoost,0.5,0.521969696969697,0.5,0.494949494949495,0.7197525062656642,0.9956521739130435,0.9932432432432432,0.9954545454545455,0.9942817644841021,0.9999691149343211
