delta_precision_alpha_OC,delta_coverage_beta_OC,authenticity_OC,delta_precision_alpha_naive,delta_coverage_beta_naive,authenticity_naive
0.22933333333333328,0.10989445910290241,0.8275725593667546,0.358650835532102,0.13708355321020227,0.7601055408970976
