delta_precision_alpha_OC,delta_coverage_beta_OC,authenticity_OC,delta_precision_alpha_naive,delta_coverage_beta_naive,authenticity_naive
0.596566402814424,0.1365470536499559,0.8428496042216359,0.9237185576077397,0.2938205804749341,0.6394195250659631
