Min_L2_Distance_Real,Min_L2_Distance_Holdout,Proportion Closer to Real
20.42356950348265,10.102785916007566,0.17479621178146518
