min,1st_quantile,mean,median,3rd_quantile,max
0.0,8.0,12.183614775725594,12.0,18.0,23.0
0.0,9.0,13.156514627905135,13.0,17.0,23.0
