min,1st_quantile,mean,median,3rd_quantile,max
0.0,14.0,28.0321635883905,27.0,42.0,59.0
0.0,11.0,26.033819611153614,22.0,42.0,59.0
