min,1st_quantile,mean,median,3rd_quantile,max
0.0,15.0,29.69406332453826,30.0,45.0,59.0
0.0,10.0,25.20916981032527,22.0,41.0,59.0
