min,1st_quantile,mean,median,3rd_quantile,max
18,32.0,46.2265963060686,46.0,60.0,99
18,37.0,46.97016382198539,47.0,57.0,95
