min,1st_quantile,mean,median,3rd_quantile,max
1.44089e-11,0.2031327,1.0069285419007257,0.51077675,1.19579975,5.023712
9.876543e-13,0.443322,1.1157613968526494,0.812345,1.33207,7.654321
