Target,Model,Accuracy,Precision,Recall,F1,ROC AUC,Train Accuracy,Train Precision,Train Recall,Train F1,Train ROC AUC
worn,NaiveBayes,0.04737373270977487,0.3460110715090188,0.33938693255741387,0.05864698134158635,0.5042533459389776,0.08206366166712836,0.37068781695149416,0.4910149196379747,0.08776516344513972,0.5862159912826678
worn,KNeighbors,0.8990389372241974,0.38195333814973237,0.3388294018569027,0.33017335841528234,0.5553646919002501,0.906763227670268,0.6768371595847378,0.3648066552549833,0.37474831375877465,0.933153632018597
worn,DecisionTree,0.9886875589533188,0.9593560375303728,0.9723367005565261,0.9656752264342154,0.9788408133802387,1.0,1.0,1.0,1.0,1.0
worn,RandomForest,0.9999868076489251,0.9999516698081292,0.9991738950846757,0.999562268222388,0.9999999995615626,1.0,1.0,1.0,1.0,1.0
worn,XGBoost,0.9998548841381767,0.9995773559652866,0.9928790008001379,0.9961907305242202,0.9999997091680489,0.9946574854564881,0.9913982586364011,0.987705039386379,0.9895382955138826,0.9995715184827297
worn,CatBoost,1.0,1.0,1.0,1.0,1.0,0.9936549395174588,0.9685179087922567,0.9773825701181407,0.9728226241277468,0.9959000456939356
