min,1st_quantile,mean,median,3rd_quantile,max
0.0275,0.234125,0.39264705882352946,0.39125,0.546,0.942
0.0275,0.25975000000000004,0.36583203124999997,0.344,0.472875,0.8455
