min,1st_quantile,mean,median,3rd_quantile,max
0.008,0.1075,0.1995490196078431,0.20325,0.28075,0.422
0.008,0.1365,0.19298046874999997,0.18225,0.254,0.422
