min,1st_quantile,mean,median,3rd_quantile,max
0.175,0.37,0.42622549019607847,0.44,0.495,0.575
0.175,0.38875000000000004,0.42960937499999996,0.4375,0.47624999999999995,0.575
