min,1st_quantile,mean,median,3rd_quantile,max
0.0635,0.5449999999999999,0.9115343137254905,0.9584999999999999,1.2165,1.978
0.0635,0.595125,0.8557539062499999,0.8095,1.08825,1.978
