min,1st_quantile,mean,median,3rd_quantile,max
0.02,0.17225,0.2675686274509804,0.27275000000000005,0.35475,0.71
0.02,0.201875,0.26335546875,0.26175000000000004,0.315,0.71
