min,1st_quantile,mean,median,3rd_quantile,max
0.25,0.485,0.5500980392156862,0.5725,0.62,0.75
0.25,0.50375,0.5548828125,0.57,0.61625,0.71
