Target,Model,Accuracy,Precision,Recall,F1,ROC AUC,Train Accuracy,Train Precision,Train Recall,Train F1,Train ROC AUC
rings,NaiveBayes,0.46153846153846156,0.5465909090909091,0.5296717171717171,0.40714285714285714,0.7735526218062982,0.4803921568627451,0.6698976426799007,0.5583916083916084,0.49911421155094093,0.8499308107628948
rings,KNeighbors,0.4230769230769231,0.4182539682539682,0.5492424242424242,0.447718253968254,0.7493464052287582,0.5784313725490197,0.5685385822139426,0.5383449883449883,0.5432081280788177,0.8236553079881415
rings,DecisionTree,0.5769230769230769,0.5913461538461539,0.6654040404040404,0.5818181818181818,0.7596683749257278,1.0,1.0,1.0,1.0,1.0
rings,RandomForest,0.5384615384615384,0.5317460317460317,0.6622474747474747,0.5666666666666667,0.812020944741533,1.0,1.0,1.0,1.0,1.0
rings,XGBoost,0.5769230769230769,0.5388888888888889,0.5877525252525253,0.5555555555555556,0.7813892602495544,1.0,1.0,1.0,1.0,1.0
rings,CatBoost,0.5384615384615384,0.538888888888889,0.6622474747474747,0.5759803921568627,0.7921865715983363,1.0,1.0,1.0,1.0,1.0
