Target,Model,Accuracy,Precision,Recall,F1,ROC AUC,Train Accuracy,Train Precision,Train Recall,Train F1,Train ROC AUC
rings,NaiveBayes,0.6923076923076923,0.6666666666666666,0.7108585858585859,0.632318376068376,0.8403093434343434,0.6640625,0.7123132861635221,0.7057005494505495,0.6759579297683966,0.9253201286313636
rings,KNeighbors,0.38461538461538464,0.3863095238095238,0.45391414141414144,0.4057735742518351,0.7567949717765895,0.796875,0.8227533680972512,0.7477516736137425,0.7649052944849306,0.9479485057968138
rings,DecisionTree,0.46153846153846156,0.45511363636363633,0.5044191919191919,0.45779220779220775,0.6548666815210933,1.0,1.0,1.0,1.0,1.0
rings,RandomForest,0.34615384615384615,0.3208333333333333,0.39141414141414144,0.34440993788819874,0.7329248366013071,1.0,1.0,1.0,1.0,1.0
rings,XGBoost,0.46153846153846156,0.45604395604395603,0.46464646464646464,0.45833333333333337,0.6918189245395128,1.0,1.0,1.0,1.0,1.0
rings,CatBoost,0.38461538461538464,0.4005952380952381,0.41919191919191917,0.39603331451157536,0.7287563131313131,1.0,1.0,1.0,1.0,1.0
