Target,Model,Accuracy,Precision,Recall,F1,ROC AUC,Train Accuracy,Train Precision,Train Recall,Train F1,Train ROC AUC
rings,NaiveBayes,0.5384615384615384,0.634090909090909,0.7171717171717171,0.5261904761904762,0.8081652926322045,0.4782608695652174,0.6266219049237918,0.5784736462368041,0.5165905623099734,0.8585688788196429
rings,KNeighbors,0.4230769230769231,0.4363095238095238,0.48169191919191917,0.44148785996612083,0.7880180481283422,0.7304347826086957,0.7333056878340205,0.7233263081947292,0.7273059987419226,0.9340222445570716
rings,DecisionTree,0.5384615384615384,0.5083333333333334,0.5599747474747474,0.527170868347339,0.695461972667855,1.0,1.0,1.0,1.0,1.0
rings,RandomForest,0.34615384615384615,0.3253205128205128,0.39141414141414144,0.34262820512820513,0.7742442810457515,1.0,1.0,1.0,1.0,1.0
rings,XGBoost,0.34615384615384615,0.34615384615384615,0.39141414141414144,0.36250000000000004,0.720111036838978,1.0,1.0,1.0,1.0,1.0
rings,CatBoost,0.38461538461538464,0.3683982683982684,0.41919191919191917,0.3872474747474748,0.7381313131313132,1.0,1.0,1.0,1.0,1.0
