pop,education,houses,income,xcoord,ycoord,ln_votes_pop
8.3466420902212,7.80832305039106,7.32843735289516,10.4869314680041,-103456829.0,43680419.0,greater than -0.441693965696886
8.97815607600982,7.77569574991525,7.86211221166275,10.7892572193423,-90287133.0,34254962.0,between -0.565824729711181 and -0.441693965696886
9.90817654202226,9.3540077217886,8.91031577632602,12.1402533044929,-97647545.0,38387996.0,between -0.565824729711181 and -0.441693965696886
9.05590631866912,7.93128476152589,7.96762673933382,11.0289364951578,-84909200.0,31330419.0,less than -0.6999407366495485
8.47365918939251,7.87663846097546,7.49997654095212,10.5387407546772,-97663940.0,46458866.0,greater than -0.441693965696886
9.6832148763136,8.84332645024227,8.76608245914886,11.8779226825226,-85426159.0,41642089.0,less than -0.6999407366495485
10.8149868236742,9.99624903261744,9.07692325853583,12.8049393659425,-96727320.0,39292937.0,less than -0.6999407366495485
10.3101186472843,9.59994706414989,9.44620269569817,12.4974690612603,-86485156.0,38840431.0,between -0.565824729711181 and -0.441693965696886
