Target,Model,Accuracy,Precision,Recall,F1,ROC AUC,Train Accuracy,Train Precision,Train Recall,Train F1,Train ROC AUC
rings,NaiveBayes,0.5714285714285714,0.6666666666666666,0.6666666666666666,0.6571428571428571,0.8333333333333334,1.0,1.0,1.0,1.0,1.0
rings,KNeighbors,0.5714285714285714,0.6666666666666666,0.6666666666666666,0.6571428571428571,0.8166666666666668,0.8125,0.8516483516483516,0.8516483516483516,0.8516483516483516,0.9518989782147677
rings,DecisionTree,0.5714285714285714,0.7999999999999999,0.75,0.6571428571428571,0.775,1.0,1.0,1.0,1.0,1.0
rings,RandomForest,0.5714285714285714,0.6666666666666666,0.6666666666666666,0.6571428571428571,0.8777777777777778,1.0,1.0,1.0,1.0,1.0
rings,XGBoost,0.7142857142857143,0.75,0.75,0.75,0.8166666666666668,0.90625,0.9267399267399267,0.9267399267399267,0.9259259259259259,0.9732772101193153
rings,CatBoost,0.7142857142857143,0.75,0.75,0.75,0.8777777777777778,1.0,1.0,1.0,1.0,1.0
