CIC0,SM1_Dz,GATS1i,NdsCH,NdssC,MLOGP,LC50
2.031,0.854,2.591,0,0,-0.816,less than 3.15175
3.036,0.405,1.205,0,1,2.351,between 3.9875 and 4.9075
1.634,0.798,1.093,0,0,0.68,less than 3.15175
2.544,0.223,1.245,0,0,1.064,less than 3.15175
3.957,0.223,1.269,2,3,2.998,between 3.9875 and 4.9075
3.033,0.693,1.312,1,0,1.21,between 3.9875 and 4.9075
2.034,0.331,1.56,0,1,0.133,less than 3.15175
2.429,0.405,1.954,0,0,-0.473,less than 3.15175
