min,1st_quantile,mean,median,3rd_quantile,max
0.0,0.0,0.0,0.0,0.0,0.0
0.0318723754789551,0.6999582216546831,22.259375824958386,2.0280851852037585,28.25298147641083,111.0020095937896
