min,1st_quantile,mean,median,3rd_quantile,max
5485.0,32995.75,81326.25,58734.0,104151.75,957755.0
8990.776660143354,64894.6840162923,914912.7813231131,129157.87731542034,335860.2250528635,9842145.927902875
