min,1st_quantile,mean,median,3rd_quantile,max
0.0,0.0,0.0,0.0,0.0,0.0
5.906633409054505e-05,0.002637897980014475,0.05205446997788443,0.0068452872360352,0.10568216857323146,0.1953580373655478
