min,1st_quantile,mean,median,3rd_quantile,max
0.0,40.635000000000005,55.81925000000001,56.144999999999996,69.54249999999999,100.0
0.0341926840535526,59.17905499026837,68.77706674920388,75.64755976440077,87.90921631607408,99.78760255514926
