min,1st_quantile,mean,median,3rd_quantile,max
14.0960163431649,56.96244706420075,64.34199205691206,66.8032719128653,75.4637094285581,88.1581542102099
11.639946716970227,46.266325143202735,56.476434848872074,59.543393579293664,68.26304936106187,85.40742649584566
