min,1st_quantile,mean,median,3rd_quantile,max
1.0,7.0,28.43,16.5,34.25,188.0
1.055356532903811,19.80009983511801,1347.751953375208,67.20491253373913,183.285855757308,15824.175364000488
