min,1st_quantile,mean,median,3rd_quantile,max
0.1,47.050000000000004,232.399,97.5,172.65,6169.8
5.954140541301047,92.60496720963567,3320.2752159625165,214.0935085586895,397.94570966132676,66165.14912907906
