min,1st_quantile,mean,median,3rd_quantile,max
0.183075671277461,2.33700600271807,3.3762976178367996,3.256633629989985,4.281520706538725,8.60311337649814
0.9602640687528722,2.261917721165926,3.4235178269919357,3.0565679104047354,4.128048889934627,8.396332240623185
