Target,Model,Accuracy,Precision,Recall,F1,ROC AUC,Train Accuracy,Train Precision,Train Recall,Train F1,Train ROC AUC
sound_pressure,NaiveBayes,0.14285714285714285,0.0625,0.125,0.08333333333333333,0.4458333333333334,0.96,0.95,0.95,0.9444444444444444,1.0
sound_pressure,KNeighbors,0.0,0.0,0.0,0.0,0.27083333333333337,0.48,0.4957983193277311,0.39375,0.35666666666666663,0.8041806722689075
sound_pressure,DecisionTree,0.2857142857142857,0.25,0.375,0.29166666666666663,0.5583333333333333,1.0,1.0,1.0,1.0,1.0
sound_pressure,RandomForest,0.2857142857142857,0.1875,0.3333333333333333,0.23809523809523808,0.5875,1.0,1.0,1.0,1.0,1.0
sound_pressure,XGBoost,0.2857142857142857,0.20833333333333331,0.20833333333333331,0.20833333333333331,0.5041666666666667,0.84,0.8222222222222222,0.825,0.8162464985994398,0.9680969887955182
sound_pressure,CatBoost,0.14285714285714285,0.125,0.125,0.125,0.4541666666666667,1.0,1.0,1.0,1.0,1.0
