Target,Model,Accuracy,Precision,Recall,F1,ROC AUC,Train Accuracy,Train Precision,Train Recall,Train F1,Train ROC AUC
sound_pressure,NaiveBayes,0.14285714285714285,0.08333333333333333,0.08333333333333333,0.08333333333333333,0.35416666666666663,1.0,1.0,1.0,1.0,1.0
sound_pressure,KNeighbors,0.2857142857142857,0.25,0.375,0.29166666666666663,0.5083333333333333,0.4375,0.4935897435897436,0.44494047619047616,0.435394385026738,0.7321809761042097
sound_pressure,DecisionTree,0.2857142857142857,0.1875,0.375,0.225,0.5791666666666667,1.0,1.0,1.0,1.0,1.0
sound_pressure,RandomForest,0.0,0.0,0.0,0.0,0.26458333333333334,1.0,1.0,1.0,1.0,1.0
sound_pressure,XGBoost,0.2857142857142857,0.375,0.3333333333333333,0.29166666666666663,0.5479166666666667,0.84375,0.8462301587301587,0.8462301587301587,0.8462301587301587,0.9716341550207039
sound_pressure,CatBoost,0.14285714285714285,0.25,0.25,0.25,0.5875,1.0,1.0,1.0,1.0,1.0
