Target,Model,Accuracy,Precision,Recall,F1,ROC AUC,Train Accuracy,Train Precision,Train Recall,Train F1,Train ROC AUC
sound_pressure,NaiveBayes,0.42857142857142855,0.25,0.29166666666666663,0.26785714285714285,0.6,0.9649122807017544,0.9642857142857143,0.9665178571428572,0.9634454553809393,0.9944444444444445
sound_pressure,KNeighbors,0.2857142857142857,0.2916666666666667,0.375,0.23809523809523808,0.4270833333333333,0.543859649122807,0.6195652173913043,0.5278273809523809,0.5255847953216375,0.7767128804316836
sound_pressure,DecisionTree,0.2857142857142857,0.2916666666666667,0.3333333333333333,0.19642857142857142,0.5625,1.0,1.0,1.0,1.0,1.0
sound_pressure,RandomForest,0.2857142857142857,0.16666666666666666,0.375,0.225,0.3541666666666667,1.0,1.0,1.0,1.0,1.0
sound_pressure,XGBoost,0.14285714285714285,0.05,0.25,0.08333333333333333,0.37083333333333335,0.9298245614035088,0.9361869747899161,0.9238095238095239,0.9276462784527302,0.9974669509118956
sound_pressure,CatBoost,0.2857142857142857,0.3125,0.3333333333333333,0.225,0.4083333333333333,1.0,1.0,1.0,1.0,1.0
