Target,Model,Accuracy,Precision,Recall,F1,ROC AUC,Train Accuracy,Train Precision,Train Recall,Train F1,Train ROC AUC
rings,NaiveBayes,0.75,0.8333333333333334,0.8333333333333334,0.7777777777777777,0.8611111111111112,1.0,1.0,1.0,1.0,1.0
rings,KNeighbors,0.5,0.4444444444444444,0.5,0.38888888888888884,0.9583333333333334,0.875,0.6,0.6666666666666666,0.6296296296296297,0.9605654761904763
rings,DecisionTree,0.5,0.4444444444444444,0.5,0.38888888888888884,0.638888888888889,1.0,1.0,1.0,1.0,1.0
rings,RandomForest,0.5,0.4444444444444444,0.5,0.38888888888888884,0.9444444444444445,1.0,1.0,1.0,1.0,1.0
rings,XGBoost,0.5,0.4444444444444444,0.5,0.38888888888888884,0.9027777777777778,0.875,0.6,0.6666666666666666,0.6296296296296297,0.9486607142857143
rings,CatBoost,0.5,0.4444444444444444,0.5,0.38888888888888884,0.888888888888889,1.0,1.0,1.0,1.0,1.0
