min,1st_quantile,mean,median,3rd_quantile,max
5485.0,32995.75,81326.25,58734.0,104151.75,957755.0
8501.1875,67140.10699999999,199084.60247500002,138738.18,257554.1025,972536.3
