min,1st_quantile,mean,median,3rd_quantile,max
0.0,40.635000000000005,55.81925000000001,56.144999999999996,69.54249999999999,100.0
7.1245666,56.67430475,71.98570775374999,85.74865750000001,91.1544675,99.26679
