min,1st_quantile,mean,median,3rd_quantile,max
0.1,47.050000000000004,232.399,97.5,172.65,6169.8
5.6819835,94.8422175,2605.6458147156254,198.62851,426.1199025,60549.26
