min,1st_quantile,mean,median,3rd_quantile,max
0.0,0.0,0.0,0.0,0.0,0.0
0.0,0.0,0.04086544373749999,0.0,0.0913627025,0.19879451
