min,1st_quantile,mean,median,3rd_quantile,max
14.0960163431649,56.96244706420075,64.34199205691206,66.8032719128653,75.4637094285581,88.1581542102099
20.48313,43.22424125,56.23238351249999,55.2153335,71.44224249999999,81.496155
