min,1st_quantile,mean,median,3rd_quantile,max
1.0,7.0,28.43,16.5,34.25,188.0
1.2204252,18.576003,624.03502764375,44.9991285,141.5260825,13389.475
