min,1st_quantile,mean,median,3rd_quantile,max
0.0,0.0,0.0,0.0,0.0,0.0
0.0,0.0,1.3077760064375001,0.0,0.754173725,42.86966
