min,1st_quantile,mean,median,3rd_quantile,max
0.183075671277461,2.33700600271807,3.3762976178367996,3.256633629989985,4.281520706538725,8.60311337649814
1.0207759,2.2775669499999998,3.3847702606249994,3.02861105,3.978684375,8.336474
