Model,Test MSE,Test R2,Test Adjusted R2,Test MAE,Test RMSE,Train MSE,Train R2,Train Adjusted R2,Train MAE,Train RMSE
LinearRegression,0.006781419597621106,-11.570142032428562,-15.251688485291943,0.04774165831735008,0.08234937521087277,1.356740380832519e-23,1.0,1.0,2.2515258646209345e-12,3.683395689893388e-12
Lasso,0.0146657988604662,-26.18474679840763,-34.146622478847405,0.06292644165288154,0.12110243127396823,0.002464159520044044,0.28490406376735966,6.168193357317719,0.03772048330533957,0.04964030136939183
DecisionTree,0.006667644245658314,-11.35924631754557,-14.979025578833186,0.05110717885125208,0.0816556442976131,0.0,1.0,1.0,0.0,0.0
RandomForest,0.00537289776636315,-8.95928464190522,-11.876162506281993,0.0477943072872396,0.07330005297653713,5.3296854764775046e-05,0.9845333210182794,1.1117819071860717,0.0032464959962499964,0.007300469489339371
