Model,Test MSE,Test R2,Test Adjusted R2,Test MAE,Test RMSE,Train MSE,Train R2,Train Adjusted R2,Train MAE,Train RMSE
LinearRegression,0.004869423237226739,-8.026036632421356,-17.829773549098338,0.034992738760509984,0.06978125276338007,1.1751252973542469e-23,1.0,1.0,2.203976550838655e-12,3.4280100603035674e-12
Lasso,0.010416129584047792,-18.30749549041211,-39.27856108835319,0.048043991106668994,0.1020594414253174,0.001345028640111965,0.3080628112078353,5.35799036449802,0.02018390499472162,0.03667463210602071
DecisionTree,0.007720571220107601,-13.31096769801372,-28.854995276012957,0.05540524718375208,0.08786678109563137,0.0,1.0,1.0,0.0,0.0
RandomForest,0.005260770216969398,-8.75144331881086,-19.343089325665478,0.046951190076214615,0.07253116721085769,2.542803238317525e-05,0.9869187906346248,1.0823886695117488,0.0014821271946111082,0.0050426215784228
