min,1st_quantile,mean,median,3rd_quantile,max
0.0,0.0,75229.29767,95052.695,126744.77249999999,222267.63
0.0,23000.0,68841.90967500002,75000.0,104517.535,556789.12
