Target,Model,Accuracy,Precision,Recall,F1,ROC AUC,Train Accuracy,Train Precision,Train Recall,Train F1,Train ROC AUC
Exited,NaiveBayes,0.78,0.3485254691689008,0.07893139040680024,0.12871287128712872,0.7443872641288086,0.7905,0.4121212121212121,0.08405438813349815,0.13963039014373715,0.6966123433528865
Exited,KNeighbors,0.76625,0.2460136674259681,0.06557377049180328,0.10354745925215723,0.527637980841966,0.81475,0.6491228070175439,0.18294190358467244,0.2854387656702025,0.79374740220777
Exited,DecisionTree,0.756375,0.40803897685749085,0.4068002428658166,0.40741866828823353,0.6269008297596831,1.0,1.0,1.0,1.0,1.0
Exited,RandomForest,0.848,0.8240601503759398,0.33272616879174255,0.4740484429065744,0.8133250492120575,1.0,1.0,1.0,1.0,1.0
Exited,XGBoost,0.834375,0.6680584551148225,0.3885853066180935,0.491362763915547,0.7999827207068912,0.974,1.0,0.8714462299134734,0.9313077939233818,0.9983288908584442
Exited,CatBoost,0.856125,0.8351351351351352,0.37522768670309653,0.517804775869292,0.8440693843898216,0.89175,0.9476190476190476,0.4919653893695921,0.6476810414971521,0.9381139553882811
