Target,Model,Accuracy,Precision,Recall,F1,ROC AUC,Train Accuracy,Train Precision,Train Recall,Train F1,Train ROC AUC
Exited,NaiveBayes,0.78625,0.3745019920318725,0.05707346690953248,0.09905163329820864,0.7446828661950987,0.7945,0.3220338983050847,0.04871794871794872,0.08463251670378619,0.7393884376493072
Exited,KNeighbors,0.7655,0.24498886414253898,0.06678809957498483,0.1049618320610687,0.5291020377619454,0.817,0.6176470588235294,0.16153846153846155,0.25609756097560976,0.8028045867176302
Exited,DecisionTree,0.78725,0.48286604361370716,0.4705525197328476,0.47662976629766296,0.6699527906392869,1.0,1.0,1.0,1.0,1.0
Exited,RandomForest,0.854,0.7889022919179735,0.3970856102003643,0.5282714054927302,0.836459614287567,1.0,1.0,1.0,1.0,0.9999999999999999
Exited,XGBoost,0.849,0.693051890941073,0.4784456587735276,0.5660919540229885,0.8265047153451495,1.0,1.0,1.0,1.0,1.0
Exited,CatBoost,0.862625,0.7723658051689861,0.47176684881602915,0.5857519788918206,0.8571803347499869,0.935,0.9744525547445255,0.6846153846153846,0.8042168674698795,0.9765026278069756
