Target,Model,Accuracy,Precision,Recall,F1,ROC AUC,Train Accuracy,Train Precision,Train Recall,Train F1,Train ROC AUC
Exited,NaiveBayes,0.772125,0.3918918918918919,0.19368548876745598,0.2592442096708655,0.672645703481787,0.783,0.4489795918367347,0.1575178997613365,0.2332155477031802,0.6907051064324413
Exited,KNeighbors,0.750625,0.20508474576271185,0.0734669095324833,0.10818059901654001,0.5062707204576413,0.8095,0.6507936507936508,0.1957040572792363,0.30091743119266057,0.7947728017221208
Exited,DecisionTree,0.643625,0.25900720576461167,0.3928354584092289,0.31218335343787695,0.5507385225306022,1.0,1.0,1.0,1.0,1.0
Exited,RandomForest,0.793375,0.49390243902439024,0.14754098360655737,0.22720897615708274,0.6635545302665266,1.0,1.0,1.0,1.0,1.0
Exited,XGBoost,0.758125,0.35992217898832685,0.2246508803885853,0.2766355140186916,0.647717456033135,0.999,1.0,0.9952267303102625,0.9976076555023924,1.0
Exited,CatBoost,0.783875,0.4340836012861736,0.16393442622950818,0.2379903040987219,0.6760245316265061,0.903,0.9746835443037974,0.5513126491646778,0.7042682926829268,0.9656904258354353
