lread,lwrite,scall,sread,swrite,fork,exec,rchar,wchar,pgout,ppgout,pgfree,pgscan,atch,pgin,ppgin,pflt,vflt,runqsz,freemem,freeswap,usr
13.0,8.0,2025.0,124.5,109.75,0.4,0.55,27164.75,28746.75,0.0,0.0,0.0,0.0,0.2,0.6000000000000001,0.6000000000000001,39.5,72.9,1.925,337.0,1046441.5,less than 81.0
5.5,1.0,2505.5,168.0,125.0,1.7,1.95,51662.0,38958.0,1.0025,2.25,2.1,0.0,0.65,9.335,11.735,75.25,138.1,3.55,496.0,1484338.0,between 81.0 and 89.0
41.5,57.75,3486.25,253.25,174.75,0.55,0.6,221785.0,50150.75,0.0,0.0,0.0,0.0,0.2,4.4,4.8,137.35,183.84,2.2,1261.25,1727788.5,between 81.0 and 89.0
2.0,2.0,1119.0,90.0,39.0,0.2,0.2,4054.0,20486.0,0.0,0.0,0.0,0.0,0.0,0.0,0.0,18.0,19.6,1.4,260.0,1017691.0,between 89.0 and 94.0
24.0,13.0,2781.0,263.0,222.0,2.6,1.2,245197.0,44762.0,0.0,0.0,0.0,0.0,0.2,5.2,5.2,138.4,252.6,1.7,2744.0,1047638.0,between 81.0 and 89.0
46.0,31.0,3856.0,250.0,177.0,1.2,2.4,50246.0,29854.0,0.0,0.0,0.0,0.0,0.2,12.2,12.2,100.8,131.8,2.0,767.0,1017691.0,between 81.0 and 89.0
18.0,16.0,3363.0,126.0,134.0,0.2,0.2,13163.0,176688.0,0.0,0.0,0.0,0.0,0.2,0.8,0.8,18.0,19.6,2.2,452.0,1523230.0,between 89.0 and 94.0
6.0,2.0,1746.0,176.0,39.0,0.4,0.6,53078.0,35289.0,0.0,0.0,0.0,0.0,0.0,0.0,0.0,30.2,84.0,1.4,6830.0,1826608.0,greater than 94.0
