pop,education,houses,income,xcoord,ycoord,ln_votes_pop
10.120776,9.639399,9.260799,12.54788,-93256450.0,35480270.0,between -0.565824729711181 and -0.441693965696886
10.167286,9.854203,9.170728,12.439552,-92859144.0,38176976.0,less than -0.6999407366495485
10.783245,9.275662,9.504435,12.349226,-98940440.0,36126536.0,less than -0.6999407366495485
10.874686,10.545705,9.808857,13.278766,-120097816.0,36830976.0,between -0.6999407366495485 and -0.565824729711181
9.018697,8.272824,8.120677,11.2451,-110032850.0,40341856.0,between -0.6999407366495485 and -0.565824729711181
10.49373,9.025461,9.471032,12.303816,-94394344.0,46325564.0,greater than -0.441693965696886
9.99321,8.26991,8.486514,11.401933,-87168960.0,44797150.0,between -0.6999407366495485 and -0.565824729711181
11.395377,11.005773,10.626154,14.181265,-75105460.0,40935012.0,greater than -0.441693965696886
