pop,education,houses,income,xcoord,ycoord,ln_votes_pop
10.186044,9.352678,9.231811,12.392903,-96949550.0,43924750.0,between -0.565824729711181 and -0.441693965696886
9.1476555,8.538583,8.226229,11.222324,-101855976.0,31272552.0,between -0.565824729711181 and -0.441693965696886
10.488459,9.7886,9.328393,12.625993,-97871020.0,51092730.0,between -0.565824729711181 and -0.441693965696886
10.00526,9.787237,9.177862,12.537245,-80994260.0,42880640.0,between -0.565824729711181 and -0.441693965696886
8.6802435,7.6868763,7.570421,10.727971,-97997820.0,40603612.0,between -0.565824729711181 and -0.441693965696886
9.689658,9.151034,8.15959,11.842112,-102806920.0,47331132.0,less than -0.6999407366495485
10.150891,9.655987,9.187135,12.352902,-91007550.0,39213156.0,greater than -0.441693965696886
8.361198,7.538695,6.7829733,10.380552,-104601050.0,36586216.0,between -0.565824729711181 and -0.441693965696886
