pop,education,houses,income,xcoord,ycoord,ln_votes_pop
9.514101,8.82507,8.481621,11.582345,-91329410.0,39794164.0,between -0.6999407366495485 and -0.565824729711181
8.743256,8.943737,8.0742235,11.505305,-92041760.0,29196006.0,between -0.6999407366495485 and -0.565824729711181
8.391041,7.8223925,7.7363544,10.986404,-93510024.0,39790840.0,between -0.6999407366495485 and -0.565824729711181
9.733144,10.137157,8.76438,12.197045,-94812540.0,47734110.0,between -0.565824729711181 and -0.441693965696886
8.777778,7.659595,7.7377195,10.768824,-97613980.0,37390532.0,between -0.6999407366495485 and -0.565824729711181
8.321811,7.2240705,7.23886,10.565434,-94464170.0,37249532.0,greater than -0.441693965696886
10.421794,10.072856,9.390621,12.65117,-94946910.0,43397100.0,between -0.565824729711181 and -0.441693965696886
9.211889,7.719182,7.95934,10.840017,-92099016.0,32588172.0,between -0.6999407366495485 and -0.565824729711181
