min,1st_quantile,mean,median,3rd_quantile,max
0.00041229,0.00187745,0.010483810078431372,0.00452492,0.015088,0.0528487
0.000740478,0.0043961899999999995,0.00925087090625,0.00756337,0.013085775000000001,0.0274113
