Target,Model,Accuracy,Precision,Recall,F1,ROC AUC,Train Accuracy,Train Precision,Train Recall,Train F1,Train ROC AUC
sound_pressure,NaiveBayes,0.3076923076923077,0.2375,0.25,0.22142857142857142,0.5090367965367966,0.796875,0.8500000000000001,0.8177083333333333,0.8024704800619434,0.9558111819490896
sound_pressure,KNeighbors,0.23076923076923078,0.1875,0.125,0.15,0.5222402597402597,0.65625,0.6608588779641411,0.6614583333333333,0.6577921303656598,0.8191171091137125
sound_pressure,DecisionTree,0.3076923076923077,0.1875,0.25,0.20833333333333331,0.5009740259740258,1.0,1.0,1.0,1.0,1.0
sound_pressure,RandomForest,0.23076923076923078,0.15,0.125,0.13636363636363635,0.5629329004329005,1.0,1.0,1.0,1.0,1.0
sound_pressure,XGBoost,0.15384615384615385,0.125,0.08333333333333333,0.1,0.5536796536796537,1.0,1.0,1.0,1.0,1.0
sound_pressure,CatBoost,0.3076923076923077,0.2125,0.20833333333333331,0.20779220779220778,0.5,1.0,1.0,1.0,1.0,1.0
