Target,Model,Accuracy,Precision,Recall,F1,ROC AUC,Train Accuracy,Train Precision,Train Recall,Train F1,Train ROC AUC
sound_pressure,NaiveBayes,0.23076923076923078,0.1875,0.20833333333333331,0.18333333333333335,0.4994588744588744,0.6521739130434783,0.7443181818181819,0.6836089873615229,0.6367540853013008,0.9062359611416275
sound_pressure,KNeighbors,0.38461538461538464,0.29166666666666663,0.29166666666666663,0.29166666666666663,0.5114177489177489,0.6260869565217392,0.658673128342246,0.6216453424871274,0.6271186440677965,0.8451658109273597
sound_pressure,DecisionTree,0.3076923076923077,0.23333333333333334,0.25,0.23636363636363636,0.5063311688311687,1.0,1.0,1.0,1.0,1.0
sound_pressure,RandomForest,0.3076923076923077,0.20833333333333331,0.25,0.225,0.5239177489177489,1.0,1.0,1.0,1.0,1.0
sound_pressure,XGBoost,0.23076923076923078,0.125,0.125,0.125,0.45173160173160176,1.0,1.0,1.0,1.0,1.0
sound_pressure,CatBoost,0.23076923076923078,0.125,0.125,0.125,0.46785714285714286,1.0,1.0,1.0,1.0,1.0
