Target,Model,Accuracy,Precision,Recall,F1,ROC AUC,Train Accuracy,Train Precision,Train Recall,Train F1,Train ROC AUC
sound_pressure,NaiveBayes,0.38461538461538464,0.325,0.29166666666666663,0.3068181818181818,0.43014069264069266,0.8235294117647058,0.8378787878787879,0.8410714285714286,0.8277058962542834,0.9827178342422245
sound_pressure,KNeighbors,0.46153846153846156,0.35833333333333334,0.41666666666666663,0.37922077922077924,0.46482683982683975,0.5686274509803921,0.5902777777777778,0.5443993506493506,0.5356979405034324,0.8073200293855782
sound_pressure,DecisionTree,0.23076923076923078,0.20833333333333331,0.20833333333333331,0.1736111111111111,0.48290043290043283,1.0,1.0,1.0,1.0,1.0
sound_pressure,RandomForest,0.23076923076923078,0.244047619047619,0.25,0.2111111111111111,0.4602272727272727,1.0,1.0,1.0,1.0,1.0
sound_pressure,XGBoost,0.23076923076923078,0.16666666666666666,0.20833333333333331,0.1625,0.5632034632034632,1.0,1.0,1.0,1.0,1.0
sound_pressure,CatBoost,0.3076923076923077,0.19642857142857142,0.3333333333333333,0.2111111111111111,0.48290043290043294,1.0,1.0,1.0,1.0,1.0
