theta1,theta2,theta3,theta4,theta5,theta6,theta7,theta8,y
-0.49606228,0.89369223,-0.32762857,0.75695929,-0.0065457121,-0.068436739,0.056444287,0.17040783,between 0.708821715 and 0.9013542725
0.59678293,-0.56814579,-0.79203232,0.863632,0.40692487,-1.0995326,-1.1678187,-0.53153754,greater than 0.9013542725
-1.3886492,1.5559029,1.5573865,0.92813137,-0.96111281,-0.84908831,0.5555978,-0.5746117,less than 0.523583695
0.24162907,1.0514524,1.0451057,1.1186845,0.24339601,0.084149395,-0.16493223,1.3071932,between 0.523583695 and 0.708821715
0.44977556,1.166021,0.078583725,1.1988525,-1.2097434,0.010063935,0.843428,-1.4545119,less than 0.523583695
1.2590854,0.26526531,0.18176653,0.88707531,-1.0942971,0.46835567,0.68950799,-0.8739369,less than 0.523583695
0.60975291,-0.18926712,1.0837931,-0.35165452,1.1350195,-0.99374155,0.1854553,-1.1671962,between 0.523583695 and 0.708821715
0.72631118,-0.70113492,1.2316014,-0.026759871,0.5614017,0.51126139,0.42869866,-0.76564262,less than 0.523583695
