lever_position,ship_speed,gas_turbine_shaft_torque,gas_turbine_rate_of_revolutions,gas_generator_rate_of_revolutions,starboard_propeller_torque,port_propeller_torque,hp_turbine_exit_temperature,gt_compressor_outlet_air_temperature,hp_turbine_exit_pressure,gt_compressor_outlet_air_pressure,gas_turbine_exhaust_gas_pressure,turbine_injecton_control,fuel_flow,gt_compressor_decay_state_coefficient
8.777101,26.191355,60419.285,3360.8572,9357.319,532.66174,513.99225,965.4658,741.45325,3.8323162,19.546062,1.0459906,64.66863,1.3416388,between 0.975 and 0.988
2.9920862,6.3448257,5742.7017,1392.3398,7153.113,47.986687,45.75959,465.84384,565.6031,1.2921679,6.9278927,1.019807,11.4423685,0.14281498,between 0.962 and 0.975
8.073955,23.752962,50196.746,3064.714,9220.281,427.63016,423.52786,897.8573,718.8153,3.452592,17.826473,1.0418746,57.474735,1.1375191,between 0.975 and 0.988
2.8405235,9.9017725,11506.215,1351.1093,7124.8774,178.17873,124.90842,572.5842,584.7624,1.472942,7.877875,1.0221622,13.447218,0.22502849,between 0.962 and 0.975
5.7434926,16.105383,24636.486,2066.6624,8555.698,201.2568,198.78712,735.874,649.2502,2.2389636,11.91574,1.0282587,26.461023,0.5584079,greater than 0.988
4.3369503,12.2528305,15695.698,1607.3584,7824.3716,121.76658,121.43216,648.1439,608.4591,1.6934801,9.155372,1.0234454,19.33414,0.35995343,less than 0.962
3.9894023,11.552517,13909.014,1517.8331,7935.911,109.194664,110.99382,643.38257,608.00494,1.6227841,8.696039,1.0224866,17.428219,0.32933122,between 0.962 and 0.975
11.132867,28.044905,86792.24,2400.5576,9839.916,583.9603,666.94604,1086.4594,776.3898,2.886239,20.88249,1.047814,86.65083,1.7985619,between 0.962 and 0.975
