lever_position,ship_speed,gas_turbine_shaft_torque,gas_turbine_rate_of_revolutions,gas_generator_rate_of_revolutions,starboard_propeller_torque,port_propeller_torque,hp_turbine_exit_temperature,gt_compressor_outlet_air_temperature,hp_turbine_exit_pressure,gt_compressor_outlet_air_pressure,gas_turbine_exhaust_gas_pressure,turbine_injecton_control,fuel_flow,gt_compressor_decay_state_coefficient
9.875054,28.924065,80739.16,4186.7617,9969.27,624.29596,641.5947,1073.016,782.03375,4.6809936,24.319218,1.0524797,87.34985,1.8277755,less than 0.962
12.9965105,30.016497,150368.66,4554.086,11071.626,6673.154,-123.160484,2144.3403,927.48975,5.7451982,25.900621,1.0596564,67.81038,1.7920848,between 0.962 and 0.975
1.179548,3.762839,4939.692,1311.2374,6635.674,6.0610027,5.3989897,588.5404,565.90936,1.2983458,6.7103705,1.0189359,25.230116,0.23987924,less than 0.962
1.7435453,5.305878,-555.62573,1347.2695,6806.79,-3.8101714,11.119835,536.81104,563.70953,1.1727033,6.4105954,1.0183285,22.49633,0.17280112,between 0.975 and 0.988
1.3254436,3.7397058,5680.1924,1336.416,6867.635,14.898478,5.206842,572.1924,571.9073,1.3505136,7.177151,1.0192105,11.470038,0.24103278,between 0.962 and 0.975
9.792733,27.414549,73932.87,3550.414,9786.912,646.1757,647.82135,1111.7465,786.7821,4.523666,22.536497,1.0495806,92.25081,1.7791442,less than 0.962
2.050216,5.7177052,3399.7083,1333.0238,6825.8677,21.427168,21.503246,544.4664,569.32275,1.2371061,6.7042546,1.0191994,21.469156,0.19165125,less than 0.962
8.922358,26.237638,70635.336,3515.9282,9465.931,645.1471,643.5576,1045.0657,770.0091,4.5805345,22.725023,1.0517081,89.04627,1.7336875,between 0.962 and 0.975
