lever_position,ship_speed,gas_turbine_shaft_torque,gas_turbine_rate_of_revolutions,gas_generator_rate_of_revolutions,starboard_propeller_torque,port_propeller_torque,hp_turbine_exit_temperature,gt_compressor_outlet_air_temperature,hp_turbine_exit_pressure,gt_compressor_outlet_air_pressure,gas_turbine_exhaust_gas_pressure,turbine_injecton_control,fuel_flow,gt_compressor_decay_state_coefficient
2.907315,8.739726,8857.895,1377.3729,7019.2007,59.096024,58.287308,574.4373,575.4896,1.3929503,7.4378457,1.0209712,-11.239165,0.23306319,between 0.962 and 0.975
2.1249826,6.0709486,4434.3193,1390.7787,6768.643,26.792027,23.455172,543.50507,568.35046,1.2510476,6.864969,1.0194759,22.17401,0.20283486,between 0.962 and 0.975
6.2644405,18.267073,30425.994,2329.3733,8847.469,251.5677,252.3426,790.24744,673.7307,2.5335867,13.594036,1.0303133,35.78683,0.70217013,between 0.975 and 0.988
6.2084618,17.941511,29054.88,2349.2468,8858.8125,249.97032,249.603,790.4225,672.26843,2.5234237,13.59557,1.0300956,36.471355,0.7029399,between 0.962 and 0.975
2.7996418,8.422236,6530.7896,1355.4451,7046.559,48.194572,47.305775,564.40155,572.0293,1.3203019,7.1869392,1.0202357,29.91758,0.21765395,between 0.962 and 0.975
6.1262517,17.78089,28347.387,2288.922,8798.921,238.73221,242.39023,780.1171,669.4605,2.5039654,13.364787,1.0297816,35.15529,0.68509775,between 0.962 and 0.975
9.263437,27.037317,73074.99,3575.5752,9763.427,645.6752,646.09174,1065.3152,775.22345,4.5267696,22.739882,1.0511936,88.83664,1.7352871,between 0.975 and 0.988
2.2008293,6.1605377,4002.811,1343.0277,6815.707,25.336731,23.91898,560.83417,567.38763,1.2465031,6.764833,1.0191602,22.731052,0.19699569,between 0.962 and 0.975
