CIC0,SM1_Dz,GATS1i,NdsCH,NdssC,MLOGP,LC50
2.2914486,0.33708894,1.6064224,0.85646135,-0.003170219,-0.41619587,less than 3.15175
2.3079846,0.406267,1.4072496,0.28710628,3.0003507,1.9751179,less than 3.15175
1.7699867,1.0223137,1.2230688,0.00076570176,3.124872,1.9931642,between 3.9875 and 4.9075
1.8849419,0.22993656,1.5116552,1.1282983,0.0020234885,0.78139323,less than 3.15175
2.6934516,0.47529712,1.8095609,2.0243263,2.9978247,2.4377882,between 3.9875 and 4.9075
1.2106845,0.22020677,1.2917993,13.716549,2.9960513,0.5245195,less than 3.15175
2.4244654,0.7000178,1.2669833,0.9990065,3.0193803,2.5481615,between 3.9875 and 4.9075
2.1164498,0.32403678,2.2346811,0.001376532,-0.011255901,0.096587926,less than 3.15175
