CIC0,SM1_Dz,GATS1i,NdsCH,NdssC,MLOGP,LC50
2.1151395,1.0331085,0.9369414,0.00017136382,-0.000890625,1.1358038,less than 3.15175
3.8339016,0.24013762,1.4645884,0.50536674,0.0021659024,3.2957752,less than 3.15175
2.2975118,0.81761706,1.0175298,0.0011294428,0.0044269986,0.6749477,less than 3.15175
3.7856078,0.9940771,1.4779952,0.002524875,-0.005323322,2.103156,greater than 4.9075
3.9921656,0.2235359,1.8121711,0.0019616191,0.00041547744,2.393265,between 3.15175 and 3.9875
3.0116973,0.7634797,1.6225613,-0.0022628233,0.00054989127,3.406262,between 3.15175 and 3.9875
3.7342227,0.18551362,1.5566111,0.0036283378,0.00078985444,1.9408242,between 3.15175 and 3.9875
4.226502,0.6994411,1.80017,0.00014056446,0.0010939569,4.9480047,greater than 4.9075
