CIC0,SM1_Dz,GATS1i,NdsCH,NdssC,MLOGP,LC50
5.1475782,0.5822619,1.1433102,2.0202098,2.99735,2.4735868,between 3.9875 and 4.9075
3.4613605,1.0102975,0.892393,0.0006840002,0.985079,4.393211,greater than 4.9075
5.8721414,1.8960245,1.0149025,-0.7474507,0.00017583312,0.7264469,less than 3.15175
4.0837007,1.3467255,0.8755234,-0.0008165292,1.0123867,5.388572,less than 3.15175
3.8786259,1.4417256,1.6437552,-0.00029252423,1.0076656,5.5047975,less than 3.15175
3.6798618,0.99889165,1.3967248,-0.00048152672,0.98463136,2.6398687,between 3.9875 and 4.9075
3.2132695,0.80475444,1.1344197,0.00078786875,1.0187601,2.7388625,between 3.9875 and 4.9075
3.5560007,-0.012943259,0.92169267,0.8387484,1.0063292,3.8556898,between 3.9875 and 4.9075
