min,1st_quantile,mean,median,3rd_quantile,max
0.00041229,0.0024671225,0.011845404460784317,0.005478715,0.016104,0.0528487
0.000400682,0.00251435,0.010857205226562501,0.00592927,0.013085775000000001,0.0483159
