Target,Model,Accuracy,Precision,Recall,F1,ROC AUC,Train Accuracy,Train Precision,Train Recall,Train F1,Train ROC AUC
sound_pressure,NaiveBayes,0.34615384615384615,0.3284090909090909,0.38055555555555554,0.2931077694235589,0.6340906063512362,0.4260869565217391,0.5975917431192661,0.4680697555863944,0.365662362505978,0.817291807560934
sound_pressure,KNeighbors,0.3076923076923077,0.31212121212121213,0.39166666666666666,0.3142857142857143,0.565651943830892,0.6173913043478261,0.6353861305172621,0.6113508359530619,0.6148244374053574,0.8459879070165706
sound_pressure,DecisionTree,0.5,0.4458333333333333,0.5361111111111111,0.46325757575757576,0.6811844064041954,0.9869565217391304,0.9864163614163615,0.9876353526485221,0.986834912903055,0.9998729676953334
sound_pressure,RandomForest,0.4230769230769231,0.45059523809523805,0.5069444444444444,0.4257575757575758,0.6951872061406907,0.9869565217391304,0.9866532721010333,0.9873344378675881,0.9868589280821485,0.9998729676953333
sound_pressure,XGBoost,0.38461538461538464,0.28214285714285714,0.42083333333333334,0.3375,0.7387343301945284,0.9869565217391304,0.9864609644087257,0.9872363986519017,0.9868089519251951,0.9998729676953333
sound_pressure,CatBoost,0.4230769230769231,0.33681318681318684,0.5041666666666667,0.3971014492753623,0.7009409149035108,0.9869565217391304,0.9864609644087257,0.9872363986519017,0.9868089519251951,0.9998729676953335
