Target,Model,Accuracy,Precision,Recall,F1,ROC AUC,Train Accuracy,Train Precision,Train Recall,Train F1,Train ROC AUC
sound_pressure,NaiveBayes,0.23076923076923078,0.3,0.34444444444444444,0.2873015873015873,0.6022381947673667,0.5882352941176471,0.6971177944862156,0.6147486772486772,0.5897379018497031,0.9191642179345432
sound_pressure,KNeighbors,0.19230769230769232,0.18333333333333332,0.24166666666666664,0.15555555555555556,0.5262666022436642,0.6176470588235294,0.628926412462218,0.6084656084656084,0.609961065507284,0.8510664453652258
sound_pressure,DecisionTree,0.5,0.49107142857142855,0.5388888888888889,0.47540792540792537,0.6894594118938748,1.0,1.0,1.0,1.0,1.0
sound_pressure,RandomForest,0.38461538461538464,0.42063492063492064,0.46111111111111114,0.3714349376114082,0.7458261483117621,1.0,1.0,1.0,1.0,1.0
sound_pressure,XGBoost,0.46153846153846156,0.4534090909090909,0.5111111111111111,0.40795454545454546,0.7624499470407399,1.0,1.0,1.0,1.0,1.0
sound_pressure,CatBoost,0.46153846153846156,0.475,0.5694444444444444,0.43537051184110004,0.7778660566664083,1.0,1.0,1.0,1.0,1.0
