Target,Model,Accuracy,Precision,Recall,F1,ROC AUC,Train Accuracy,Train Precision,Train Recall,Train F1,Train ROC AUC
sound_pressure,NaiveBayes,0.5,0.39999999999999997,0.44861111111111107,0.4113636363636364,0.6600205217132966,0.578125,0.6781632653061225,0.5981617647058823,0.5253146808439535,0.8503972930164849
sound_pressure,KNeighbors,0.3076923076923077,0.18055555555555555,0.2375,0.19642857142857142,0.5336556501717946,0.6015625,0.6132936507936508,0.5863970588235293,0.5877144086526238,0.8282173571193467
sound_pressure,DecisionTree,0.3076923076923077,0.3162878787878788,0.3569444444444444,0.2924297924297924,0.5648867188509132,0.9921875,0.9919354838709677,0.99375,0.992737082382237,0.999921971629561
sound_pressure,RandomForest,0.38461538461538464,0.325,0.2930555555555555,0.2883516483516484,0.5802919903962903,0.9921875,0.9919354838709677,0.99375,0.992737082382237,0.999921971629561
sound_pressure,XGBoost,0.4230769230769231,0.44047619047619047,0.46944444444444444,0.4065656565656566,0.716008187695368,0.9921875,0.9919354838709677,0.99375,0.992737082382237,0.999921971629561
sound_pressure,CatBoost,0.46153846153846156,0.594551282051282,0.49722222222222223,0.4713438735177865,0.6823385711333282,0.9921875,0.9919354838709677,0.99375,0.992737082382237,0.999921971629561
