min,1st_quantile,mean,median,3rd_quantile,max
0.0,0.0,75229.29767,95052.695,126744.77249999999,222267.63
0.0,0.0,73044.30385,102792.94,130733.125,180751.69
