min,1st_quantile,mean,median,3rd_quantile,max
90.07,49937.9075,99656.8446,100067.82,149427.8275,199929.17
9577.67,46801.104999999996,102592.96999375001,108526.185,152259.375,198996.97
