Target,Model,Accuracy,Precision,Recall,F1,ROC AUC,Train Accuracy,Train Precision,Train Recall,Train F1,Train ROC AUC
Exited,NaiveBayes,0.785625,0.46421052631578946,0.2677595628415301,0.33962264150943394,0.7447442229770445,0.814375,0.7094594594594594,0.2924791086350975,0.41420118343195267,0.8041093645837775
Exited,KNeighbors,0.742,0.23027166882276842,0.10807528840315725,0.14710743801652892,0.531151612321474,0.806875,0.6488095238095238,0.30362116991643456,0.41366223908918404,0.8144905155560145
Exited,DecisionTree,0.749375,0.4047872340425532,0.4620522161505768,0.4315282109441452,0.6429574790811124,1.0,1.0,1.0,1.0,1.0
Exited,RandomForest,0.83175,0.6993377483443709,0.3205828779599271,0.43963363863447125,0.812294981617336,1.0,1.0,1.0,1.0,1.0
Exited,XGBoost,0.819375,0.5969289827255279,0.37765634486945965,0.4626255113425065,0.7657711539213243,1.0,1.0,1.0,1.0,1.0
Exited,CatBoost,0.84325,0.7083775185577943,0.4055859137826351,0.5158301158301158,0.8111102796407015,0.963125,0.9807692307692307,0.8523676880222841,0.9120715350223547,0.9943638767370191
