Target,Model,Accuracy,Precision,Recall,F1,ROC AUC,Train Accuracy,Train Precision,Train Recall,Train F1,Train ROC AUC
Exited,NaiveBayes,0.787125,0.4448818897637795,0.13721918639951428,0.2097447795823666,0.7492513660246473,0.7930555555555555,0.5126582278481012,0.1081441922563418,0.17861080485115766,0.7651267983173169
Exited,KNeighbors,0.758,0.2673107890499195,0.100789313904068,0.14638447971781304,0.5396517725467777,0.8083333333333333,0.6121673003802282,0.21495327102803738,0.3181818181818182,0.8020515135578878
Exited,DecisionTree,0.780625,0.4676258992805755,0.47358834244080145,0.47058823529411764,0.6669059294448616,1.0,1.0,1.0,1.0,1.0
Exited,RandomForest,0.85275,0.7649717514124293,0.41105039465695203,0.5347551342812006,0.8379912879103916,1.0,1.0,1.0,1.0,1.0
Exited,XGBoost,0.84825,0.7059942911512845,0.45051608986035213,0.5500370644922165,0.8235114218707874,0.9941666666666666,0.9986301369863013,0.9732977303070761,0.9858012170385395,0.9999077455782269
Exited,CatBoost,0.8615,0.7649950835791544,0.4723740133576199,0.5840840840840841,0.855023768107299,0.9238888888888889,0.9357798165137615,0.6809078771695594,0.7882534775888718,0.9668380475967255
