Target,Model,Accuracy,Precision,Recall,F1,ROC AUC,Train Accuracy,Train Precision,Train Recall,Train F1,Train ROC AUC
Exited,NaiveBayes,0.78625,0.3745019920318725,0.05707346690953248,0.09905163329820864,0.7446828661950987,0.7945,0.3220338983050847,0.04871794871794872,0.08463251670378619,0.7393884376493072
Exited,KNeighbors,0.7655,0.24498886414253898,0.06678809957498483,0.1049618320610687,0.5291020377619454,0.817,0.6176470588235294,0.16153846153846155,0.25609756097560976,0.8028045867176302
Exited,DecisionTree,0.786,0.480049109883364,0.474802671523983,0.47741147741147744,0.670739915960323,1.0,1.0,1.0,1.0,1.0
Exited,RandomForest,0.855125,0.7890995260663507,0.40437158469945356,0.53472501003613,0.8384742575327636,1.0,1.0,1.0,1.0,1.0
Exited,XGBoost,0.849,0.693051890941073,0.4784456587735276,0.5660919540229885,0.8265047153451495,1.0,1.0,1.0,1.0,1.0
Exited,CatBoost,0.862625,0.7723658051689861,0.47176684881602915,0.5857519788918206,0.8571803347499869,0.935,0.9744525547445255,0.6846153846153846,0.8042168674698795,0.9765026278069756
