Model,Test MSE,Test R2,Test Adjusted R2,Test MAE,Test RMSE,Train MSE,Train R2,Train Adjusted R2,Train MAE,Train RMSE
LinearRegression,95163328.0007456,0.3446277867490348,0.3308699731120871,7526.147802216424,9755.169296365164,23121830.232110053,0.7399729618780384,0.7147721035578483,3618.271289732531,4808.516427351586
Lasso,95242032.36493175,0.3440857643709526,0.3303165724016405,7534.230132188977,9759.202445124896,23122248.89826588,0.7399682535777279,0.7147669389464945,3618.2848580101286,4808.559960972295
DecisionTree,125206867.53742704,0.13772349479432822,0.11962227044840767,7907.245873332399,11189.587460555775,0.0,1.0,1.0,0.0,0.0
RandomForest,106272551.54286577,0.26812062192770814,0.2527567418536715,7529.370015898973,10308.85791651363,3139513.612041568,0.9646931744810994,0.9612713676026156,1180.7012609875992,1771.8672670495293
