Model,Test MSE,Test R2,Test Adjusted R2,Test MAE,Test RMSE,Train MSE,Train R2,Train Adjusted R2,Train MAE,Train RMSE
LinearRegression,37855955.92761068,0.7392930434209403,0.7353354425620551,4286.18243307631,6152.719392887237,35841011.93596574,0.7640315520853884,0.7489295714188533,4190.225427296809,5986.73633426141
Lasso,37846790.306879394,0.7393561653532085,0.7353995227020238,4285.733769186005,6151.974504732557,35841156.817076854,0.7640305982236231,0.748928556509935,4190.509188364856,5986.7484344238865
DecisionTree,42992797.95272165,0.7039165638689519,0.6994219386525412,3375.092637515406,6556.889350349115,0.0,1.0,1.0,0.0,0.0
RandomForest,24009520.850894526,0.8346508770792185,0.8321408334675178,2818.8827223260505,4899.951106990204,3231116.7838808117,0.9787271181437232,0.9773656537049215,1052.3104371367056,1797.5307462963774
