Model,Test MSE,Test R2,Test Adjusted R2,Test MAE,Test RMSE,Train MSE,Train R2,Train Adjusted R2,Train MAE,Train RMSE
LinearRegression,37855955.92761068,0.7392930434209403,0.7353354425620551,4286.18243307631,6152.719392887237,35841011.93596574,0.7640315520853884,0.7489295714188533,4190.225427296809,5986.73633426141
Lasso,37846790.306879394,0.7393561653532085,0.7353995227020238,4285.733769186005,6151.974504732557,35841156.817076854,0.7640305982236231,0.748928556509935,4190.509188364856,5986.7484344238865
DecisionTree,40507439.69061074,0.7210327658679869,0.7167979691449203,3160.5717470578893,6364.545521135876,0.0,1.0,1.0,0.0,0.0
RandomForest,24121863.60417461,0.8338771933461391,0.8313554050098375,2815.8982756016812,4911.401389030895,3446697.8604354067,0.9773077851146995,0.9758554833620403,1080.1502746883903,1856.5284432066767
