Model,Test MSE,Test R2,Test Adjusted R2,Test MAE,Test RMSE,Train MSE,Train R2,Train Adjusted R2,Train MAE,Train RMSE
LinearRegression,47475051.16904135,0.6730481161964652,0.6655463521321394,5173.202276748778,6890.214159882213,41258449.75287032,0.6609409430616129,0.6444014768694964,4597.800525599692,6423.274068017829
Lasso,47441585.42699041,0.6732785885632558,0.6657821125838277,5171.079218731146,6887.785233802692,41259344.15915453,0.6609335928932701,0.6443937681563565,4598.394905519006,6423.343689944866
DecisionTree,70672050.741212,0.5132946768224654,0.5021274418738413,4886.1199742661065,8406.667041177021,0.0,1.0,1.0,0.0,0.0
RandomForest,37782625.7715929,0.7397980546228082,0.7338278379028726,4005.1578095098043,6146.757337945992,5571397.151585419,0.954214647536185,0.9519812157086819,1565.1824389038693,2360.380721744994
