Model,Test MSE,Test R2,Test Adjusted R2,Test MAE,Test RMSE,Train MSE,Train R2,Train Adjusted R2,Train MAE,Train RMSE
LinearRegression,47475051.16904135,0.6730481161964652,0.6655463521321394,5173.202276748778,6890.214159882213,41258449.75287032,0.6609409430616129,0.6444014768694964,4597.800525599692,6423.274068017829
Lasso,47441585.42699041,0.6732785885632558,0.6657821125838277,5171.079218731146,6887.785233802692,41259344.15915453,0.6609335928932701,0.6443937681563565,4598.394905519006,6423.343689944866
DecisionTree,73347364.02955882,0.4948702897422884,0.4832803155107539,4988.105599961717,8564.307562760625,0.0,1.0,1.0,0.0,0.0
RandomForest,37259460.49907559,0.7434009969510025,0.7375134481238744,4011.566362712885,6104.052792946305,5455658.691956798,0.9551657781096369,0.9529787428954728,1576.0362583400397,2335.735150216479
