Model,Test MSE,Test R2,Test Adjusted R2,Test MAE,Test RMSE,Train MSE,Train R2,Train Adjusted R2,Train MAE,Train RMSE
LinearRegression,95163328.0007456,0.3446277867490348,0.3308699731120871,7526.147802216424,9755.169296365164,23121830.232110053,0.7399729618780384,0.7147721035578483,3618.271289732531,4808.516427351586
Lasso,95242032.36493175,0.3440857643709526,0.3303165724016405,7534.230132188977,9759.202445124896,23122248.89826588,0.7399682535777279,0.7147669389464945,3618.2848580101286,4808.559960972295
DecisionTree,127391809.69443786,0.12267620286634617,0.10425910025476182,7982.198211128853,11286.798026652106,0.0,1.0,1.0,0.0,0.0
RandomForest,108294012.60794193,0.25419919399898716,0.23854307020888954,7634.717121329319,10406.440919350955,3039965.7325619715,0.9658126853499429,0.962499377322184,1173.3051926275998,1743.5497505267729
