hhi,whi,hhi2,education,race,hispanic,experience,kidslt6,kids618,husby,region,whrswk
no,yes,yes,>16years,white,no,14.84002,0.0015784381,2.0045302,23.954397,south,between 35.0 and 40.0
no,no,yes,12years,white,no,-67.75104,0.6314275,-0.0014947979,4.0323763,south,between 35.0 and 40.0
no,no,no,16years,white,no,11.222951,0.64959127,-0.00012134737,8.965939,other,between 35.0 and 40.0
no,no,no,13-15years,white,no,20.921144,-0.00026166858,0.0054716384,67.889824,other,between 35.0 and 40.0
no,no,no,16years,white,no,7.7760153,0.0012193709,-0.0046286387,0.07287231,other,between 0.0 and 35.0
yes,no,yes,13-15years,white,no,16.829655,-0.00035822828,0.006683948,20.776558,south,greater than 40.0
no,no,no,12years,white,no,39.069138,-0.027384177,-0.0013128346,7.211504,northcentral,greater than 40.0
no,yes,no,12years,white,no,35.304768,-0.0026149347,-0.00073247286,0.91139317,south,greater than 40.0
