hhi,whi,hhi2,education,race,hispanic,experience,kidslt6,kids618,husby,region,whrswk
no,yes,no,12years,white,no,51.73542,2.028205,-0.002168862,94.646225,west,greater than 40.0
no,yes,no,12years,white,no,18.604122,0.00055374485,0.00059440825,11.991987,west,between 0.0 and 35.0
no,no,no,12years,white,no,15.037504,1.1932448,0.009705254,32.317398,south,between 0.0 and 35.0
no,no,no,12years,white,no,27.66935,0.0035010204,1.9970379,11.193193,northcentral,between 0.0 and 35.0
no,no,no,<9years,white,no,21.492579,-0.0036505582,-0.0054727877,16.46923,south,between 0.0 and 35.0
no,no,no,<9years,white,no,23.471596,2.0217695,-0.004471018,63.643284,west,between 0.0 and 35.0
no,no,no,13-15years,white,no,26.278582,2.0282683,1.9934121,31.871582,west,between 0.0 and 35.0
no,yes,no,13-15years,white,no,44.428585,0.98785836,0.006663898,4.4128156,south,between 0.0 and 35.0
