min,1st_quantile,mean,median,3rd_quantile,max
0.000400682,0.002332865,0.010491036852941176,0.004760445,0.013870799999999999,0.0584113
0.000400682,0.0024986074999999996,0.0101608350859375,0.005794260000000001,0.0126615,0.0483159
