Target,Model,Accuracy,Precision,Recall,F1,ROC AUC,Train Accuracy,Train Precision,Train Recall,Train F1,Train ROC AUC
sound_pressure,NaiveBayes,0.23076923076923078,0.19583333333333333,0.21527777777777776,0.2031926406926407,0.5055101825419164,0.6274509803921569,0.7375743707093821,0.6505636070853462,0.6225396825396825,0.9012475539656333
sound_pressure,KNeighbors,0.23076923076923078,0.3729166666666667,0.2579365079365079,0.29347406978985924,0.5145162371168563,0.5588235294117647,0.5732265446224256,0.5573598301859171,0.5587880079568059,0.8276621159849581
sound_pressure,DecisionTree,0.3076923076923077,0.3208333333333333,0.2926587301587301,0.2967948717948718,0.531683291338864,1.0,1.0,1.0,1.0,1.0
sound_pressure,RandomForest,0.15384615384615385,0.175,0.18055555555555555,0.17763157894736842,0.42667043890921597,1.0,1.0,1.0,1.0,1.0
sound_pressure,XGBoost,0.15384615384615385,0.16666666666666669,0.19444444444444445,0.17569444444444443,0.41217984801576135,1.0,1.0,1.0,1.0,1.0
sound_pressure,CatBoost,0.15384615384615385,0.16964285714285715,0.14583333333333331,0.15625,0.38184962182640203,1.0,1.0,1.0,1.0,1.0
