Target,Model,Accuracy,Precision,Recall,F1,ROC AUC,Train Accuracy,Train Precision,Train Recall,Train F1,Train ROC AUC
sound_pressure,NaiveBayes,0.3076923076923077,0.4666666666666667,0.3759920634920635,0.32953011900380325,0.6816018432891499,0.546875,0.6754767353165523,0.5509672619047619,0.5120652173913044,0.8554009838257042
sound_pressure,KNeighbors,0.38461538461538464,0.4800824175824176,0.43253968253968256,0.4081357239251976,0.649068526932304,0.484375,0.48125,0.4773545506912442,0.47027585986446746,0.7902460957427638
sound_pressure,DecisionTree,0.6923076923076923,0.780448717948718,0.6974206349206349,0.7180735930735931,0.791763723033073,0.984375,0.9864864864864865,0.984375,0.9849910394265233,0.9996836297523042
sound_pressure,RandomForest,0.6538461538461539,0.6946969696969697,0.6964285714285714,0.6916666666666667,0.8474551742547098,0.984375,0.9850446428571429,0.9850446428571429,0.9850446428571429,0.9996836297523042
sound_pressure,XGBoost,0.6923076923076923,0.7049242424242425,0.6974206349206349,0.6958333333333333,0.8279234460929508,0.9765625,0.9786739864864865,0.9765625,0.9767922196200884,0.9994386095607026
sound_pressure,CatBoost,0.6923076923076923,0.7017857142857142,0.7113095238095238,0.701163967611336,0.8800630419631968,0.984375,0.9850446428571429,0.9850446428571429,0.9850446428571429,0.9996836297523042
