Target,Model,Accuracy,Precision,Recall,F1,ROC AUC,Train Accuracy,Train Precision,Train Recall,Train F1,Train ROC AUC
sound_pressure,NaiveBayes,0.23076923076923078,0.3907828282828283,0.2371031746031746,0.27083333333333337,0.6078233965037371,0.5869565217391305,0.6813002988139104,0.6004400771642151,0.5700119963538713,0.8540554955565566
sound_pressure,KNeighbors,0.23076923076923078,0.2847222222222222,0.27976190476190477,0.2767857142857143,0.6161910318353817,0.5347826086956522,0.5436046511627908,0.5280051844707017,0.5287299462247881,0.8436191430378818
sound_pressure,DecisionTree,0.5769230769230769,0.5625,0.5922619047619048,0.5575894693541752,0.7267899025638964,0.9739130434782609,0.9764163372859025,0.9726730166385339,0.9741584786453323,0.9994030202037735
sound_pressure,RandomForest,0.5769230769230769,0.625,0.5922619047619048,0.6007326007326007,0.8385511740581401,0.9739130434782609,0.976389209241533,0.9727001446829033,0.9739853140334064,0.9993564001571535
sound_pressure,XGBoost,0.6538461538461539,0.6577380952380952,0.6696428571428571,0.6618589743589743,0.8063084125197127,0.9739130434782609,0.9749709518818998,0.973399445382204,0.9740469460297047,0.9993060806264968
sound_pressure,CatBoost,0.5769230769230769,0.5962301587301587,0.5922619047619048,0.5852564102564103,0.8245323089363337,0.9739130434782609,0.9754047162307584,0.9731372076199662,0.9741210277214334,0.9994030202037734
