min,1st_quantile,mean,median,3rd_quantile,max
0.0,0.0,75229.29767,95052.695,126744.77249999999,222267.63
396.12,93354.5025,111020.29065,114718.01500000001,134760.5275,186992.65
