Target,Model,Accuracy,Precision,Recall,F1,ROC AUC,Train Accuracy,Train Precision,Train Recall,Train F1,Train ROC AUC
Exited,NaiveBayes,0.7855,0.36363636363636365,0.05585913782635094,0.0968421052631579,0.7245371027423138,0.7668181818181818,0.29411764705882354,0.041237113402061855,0.07233273056057866,0.7049983469087193
Exited,KNeighbors,0.755625,0.2623456790123457,0.10321797207043108,0.14814814814814814,0.5343672524519059,0.8059090909090909,0.6629213483146067,0.24329896907216494,0.3559577677224736,0.8031619127768928
Exited,DecisionTree,0.768,0.4429896344789962,0.4930176077717061,0.4666666666666667,0.6661530664389774,1.0,1.0,1.0,1.0,1.0
Exited,RandomForest,0.84975,0.7677496991576414,0.38737097753491195,0.5149313962873285,0.8281671305220268,1.0,1.0,1.0,1.0,1.0
Exited,XGBoost,0.83975,0.657192075796727,0.4632665452337584,0.5434472934472935,0.8207453969750342,0.9990909090909091,1.0,0.9958762886597938,0.9979338842975206,1.0
Exited,CatBoost,0.861375,0.7700803212851406,0.46569520340012144,0.5804010594021944,0.8530072134358737,0.9204545454545454,0.9613095238095238,0.6659793814432989,0.7868453105968332,0.9696167833849298
