Target,Model,Accuracy,Precision,Recall,F1,ROC AUC,Train Accuracy,Train Precision,Train Recall,Train F1,Train ROC AUC
Exited,NaiveBayes,0.641,0.1966319960376424,0.24104432301153614,0.2165848336061102,0.5077663636960522,0.545,0.5294117647058824,0.37894736842105264,0.44171779141104295,0.5902756892230577
Exited,KNeighbors,0.578875,0.2236842105263158,0.42319368548876746,0.29267268528238505,0.5096686150789931,0.695,0.7023809523809523,0.6210526315789474,0.659217877094972,0.7719799498746867
Exited,DecisionTree,0.54375,0.22448418156808803,0.49544626593806923,0.30897387353275274,0.5258594465216868,1.0,1.0,1.0,1.0,1.0
Exited,RandomForest,0.589,0.24254785064323817,0.4693381906496661,0.3198179561439801,0.5667895331446564,1.0,1.0,1.0,1.0,1.0
Exited,XGBoost,0.531125,0.24088669950738917,0.5938069216757741,0.3427369896618188,0.57540170294697,1.0,1.0,1.0,1.0,1.0
Exited,CatBoost,0.528375,0.2432367149758454,0.6114146933819065,0.348021427337135,0.5809488530056843,1.0,1.0,1.0,1.0,1.0
