relative_compactness,surface_area,wall_area,roof_area,overall_height,orientation,glazing_area,glazing_area_distribution,heating_load
0.9667207,521.5579,294.31085,111.22494,7.0098577,2.0081463,0.25036353,2.9967844,between 18.95 and 31.6675
0.7535358,672.55884,292.6342,147.34933,3.5099032,1.9907305,0.25045502,3.0021517,less than 12.9925
0.6492032,775.5333,343.28464,220.68672,3.4987743,2.026359,0.09982396,4.050679,between 12.9925 and 18.95
0.7509688,677.103,343.13168,160.1875,7.0029063,4.9737315,0.09486028,3.0067306,greater than 31.6675
0.78073156,649.98816,242.57028,220.94685,3.5177987,4.0015273,0.099474676,5.032843,less than 12.9925
0.72432303,699.21295,243.93488,220.59308,3.4906523,3.9535933,0.24998312,3.9867961,less than 12.9925
0.6552092,768.47626,342.12576,220.86797,3.504749,3.0061004,0.096831225,5.004183,between 12.9925 and 18.95
0.8039674,627.323,342.9242,145.46431,7.0050464,2.9974902,0.09945724,3.0001073,greater than 31.6675
