relative_compactness,surface_area,wall_area,roof_area,overall_height,orientation,glazing_area,glazing_area_distribution,heating_load
0.74089223,677.8844,270.9925,220.56047,3.4992511,2.0143607,0.305608,1.9657696,between 12.9925 and 18.95
0.7550949,665.3226,298.79507,146.60321,7.002087,1.8118137,0.09792291,4.022636,between 18.95 and 31.6675
0.77977973,649.77924,265.75,142.88043,7.012226,4.207574,0.24873826,4.010248,between 18.95 and 31.6675
0.77476954,651.27014,323.50717,148.65933,7.0053334,2.9860895,0.24909462,3.9964094,greater than 31.6675
0.7801549,651.2373,267.97885,166.52196,7.019072,1.7090349,0.39949095,1.9399444,greater than 31.6675
1.5012063,537.7763,310.68646,90.7277,7.0145445,2.9989045,0.25276017,1.9775048,greater than 31.6675
0.79898864,634.9244,350.45468,145.40573,6.9940777,3.0142705,0.10012887,1.9858785,between 18.95 and 31.6675
0.89597976,570.6699,250.68309,147.49403,6.9959803,3.000667,0.10017902,3.9947386,between 18.95 and 31.6675
