pop,education,houses,income,xcoord,ycoord,ln_votes_pop
9.82433416410589,8.93352941176471,9.14492811169415,11.98278164575,-109831173.0,39854053.0,between -0.6999407366495485 and -0.565824729711181
8.99110324729642,8.30841856820191,7.82963038915019,10.7852903539516,-92802847.5,35447590.0,between -0.6999407366495485 and -0.565824729711181
10.3930796463826,9.702131010467356,8.95596411823087,12.1898111410514,-119743243.0,39148328.0,greater than -0.441693965696886
9.13546418076289,7.83597458172157,8.387162289464134,11.34821058569635,-81541200.0,37609826.0,less than -0.6999407366495485
10.7589024747688,9.019007478057064,9.097329154089977,12.5312853017478,-83740853.0,38140254.0,between -0.565824729711181 and -0.441693965696886
8.98751210147044,8.46589989702869,7.54960916515453,10.6735494768642,-101354862.0,35405426.0,between -0.6999407366495485 and -0.565824729711181
11.2146427459412,10.9570676071621,10.344802313538,13.7316277364827,-112123475.0,41014827.0,greater than -0.441693965696886
9.98217883876703,8.77971129020447,8.57300625623545,11.5358506629446,-77397564.0,36419492.0,less than -0.6999407366495485
