pop,education,houses,income,xcoord,ycoord,ln_votes_pop
9.456221256185819,8.734814384419417,8.659103022549365,11.78450938387623,-94446853.0,39484719.0,between -0.6999407366495485 and -0.565824729711181
9.18775061621093,8.438135095108382,8.35198235592593,11.23919275167724,-81902141.0,36912915.0,between -0.6999407366495485 and -0.565824729711181
8.936511734594077,7.924201100153862,7.853411620705307,10.94315272164751,-96540900.0,32648956.0,between -0.6999407366495485 and -0.565824729711181
9.54920811151427,8.952394925341446,8.630958242135396,11.81310013927317,-94813595.0,40135962.0,between -0.565824729711181 and -0.441693965696886
9.36293141596093,8.653412395606548,8.441476459460514,11.50498922449214,-95099848.0,44008642.0,greater than -0.441693965696886
10.955699783255488,10.272115590938956,9.85935123351029,13.06042998215353,-94161715.0,32375250.0,less than -0.6999407366495485
8.714842474347375,7.632183554486006,7.734814864993887,10.79698210637581,-85435549.0,39484719.0,between -0.6999407366495485 and -0.565824729711181
9.962941989761077,9.350112708074297,9.02345416104889,12.37912202503591,-96776777.0,36912915.0,between -0.6999407366495485 and -0.565824729711181
