pop,education,houses,income,xcoord,ycoord,ln_votes_pop
9.82309188265122,8.91703946723542,8.99919225345792,12.0566744187922,-108851739.0,39272314.0,between -0.6999407366495485 and -0.565824729711181
9.44986127908374,8.69622063115032,8.51416042760592,11.7597376421429,-97149252.0,41498241.0,between -0.565824729711181 and -0.441693965696886
10.2367813574406,9.50510341101296,9.34918626130297,12.3696471119406,-111760127.0,36912439.0,greater than -0.441693965696886
10.1088240559605,9.11516734900543,9.21535577648869,12.1886457084147,-100179741.0,35618214.0,less than -0.6999407366495485
8.92381642574525,7.92221176836422,8.04604964538733,10.9111330774007,-118464152.0,38087917.0,between -0.6999407366495485 and -0.565824729711181
9.63038276238955,8.63276145812927,8.87012775986199,11.6304938402679,-91823908.0,40385834.0,between -0.565824729711181 and -0.441693965696886
10.1944221293033,9.68039443309946,9.53735125040733,12.6214690276375,-114219394.0,37355181.0,greater than -0.441693965696886
9.03273416005281,8.28876490106228,8.43298862028133,11.1743992924712,-78491165.0,41562174.0,less than -0.6999407366495485
