pop,education,houses,income,xcoord,ycoord,ln_votes_pop
9.41135423542108,8.62921348393428,8.01843902474468,11.3396236847573,-94313529.0,40549358.0,between -0.565824729711181 and -0.441693965696886
8.59783911182794,7.98519161554921,7.69998282473867,10.6348197442486,-95513428.0,44281391.0,less than -0.6999407366495485
9.95521668512767,9.4362041321424,8.98519367448657,12.3519821547345,-90139241.0,32949489.0,greater than -0.441693965696886
8.81714249141522,8.14213562315954,7.85429977345466,10.9245814416253,-101684569.0,39401518.0,between -0.565824729711181 and -0.441693965696886
9.27393911182794,8.98571574574035,8.54998282473867,11.8198197442486,-88913529.0,41735143.0,between -0.565824729711181 and -0.441693965696886
10.66974137358482,9.89289305547472,9.38492647330979,12.6645814416253,-86485156.0,38840431.0,less than -0.6999407366495485
8.92817654202226,8.23128476152589,7.96762673933382,10.7429364951578,-97647545.0,38387996.0,between -0.565824729711181 and -0.441693965696886
9.65474064728427,9.18628476152589,8.91031577632602,11.9712533044929,-93507226.5,42251623.0,greater than -0.441693965696886
