pop,education,houses,income,xcoord,ycoord,ln_votes_pop
8.53846106165172,8.05923598229695,7.69313509078354,11.2464695555172,-97311495.0,40567539.0,between -0.565824729711181 and -0.441693965696886
9.02113132543315,8.91633511156724,8.43028994033222,11.9407366495485,-90220317.0,42808214.0,less than -0.6999407366495485
8.91141389317308,8.00145689314124,7.85414203574357,10.9345795891229,-100725440.0,35191123.0,greater than -0.441693965696886
9.6832148763136,9.3540077217886,8.76608245914886,12.0805168467079,-93507226.5,38840431.0,between -0.565824729711181 and -0.441693965696886
10.3101186472843,9.59994706414989,9.44620269569817,12.4974690612603,-90182129.0,41642089.0,between -0.565824729711181 and -0.441693965696886
8.3466420902212,7.80832305039106,7.32843735289516,10.4869314680041,-97647620.0,46458866.0,greater than -0.441693965696886
10.8149868236742,9.99624903261744,9.07692325853583,12.8049393659425,-96727320.0,34254962.0,less than -0.6999407366495485
9.90817654202226,9.3540077217886,8.91031577632602,11.8779226825226,-103456829.0,39292937.0,between -0.565824729711181 and -0.441693965696886
