pop,education,houses,income,xcoord,ycoord,ln_votes_pop
9.45112139554895,8.94391780861669,8.53142113596481,11.5317449823955,-94418839.0,39498211.0,between -0.6999407366495485 and -0.565824729711181
8.86115920045448,8.22972165062032,8.08373593878928,10.9115496702917,-83917656.0,32746914.0,between -0.6999407366495485 and -0.565824729711181
9.03549377317095,8.39937360469144,8.24521115496431,11.0575648423949,-95510149.0,40174697.0,between -0.6999407366495485 and -0.565824729711181
9.62331899782094,9.15738498794768,8.74313651219192,11.9038161294483,-92067671.0,42971558.0,between -0.565824729711181 and -0.441693965696886
9.11810416695364,8.54192629349187,8.31543114563619,11.2154936107701,-96625973.0,36893399.0,between -0.6999407366495485 and -0.565824729711181
10.5641792808393,9.94516912054279,9.59229440213015,12.7391115861297,-85310446.0,41391729.0,greater than -0.441693965696886
8.74168681607445,7.90220216332872,7.90138457169217,10.9421085245364,-82413139.0,32211956.0,between -0.6999407366495485 and -0.565824729711181
9.85920983121463,9.21614753194014,8.96364981349115,11.9534294629789,-95866326.0,39018245.0,between -0.6999407366495485 and -0.565824729711181
