Min_L2_Distance_Real,Min_L2_Distance_Holdout,Proportion Closer to Real
0.08569884078909455,0.22223695161747797,0.7637795275590551
