min,1st_quantile,mean,median,3rd_quantile,max
0.235,0.485,0.5436764705882353,0.5625,0.625,0.74
0.32,0.485,0.5533464566929133,0.57,0.63,0.74
