min,1st_quantile,mean,median,3rd_quantile,max
0.0215,0.17312499999999997,0.26091666666666663,0.27,0.331125,0.675
0.055,0.158,0.24931496062992123,0.259,0.3235,0.48
