min,1st_quantile,mean,median,3rd_quantile,max
0.0175,0.116375,0.1929754901960785,0.193,0.250625,0.5185
0.041,0.1225,0.20544094488188977,0.206,0.2735,0.436
