min,1st_quantile,mean,median,3rd_quantile,max
0.0645,0.5605,0.8972745098039215,0.91225,1.1828750000000001,2.555
0.175,0.5365,0.8921023622047245,0.857,1.182,1.857
