min,1st_quantile,mean,median,3rd_quantile,max
0.175,0.3725,0.42617647058823527,0.4475,0.495,0.6
0.235,0.3725,0.4333464566929134,0.445,0.495,0.585
