min,1st_quantile,mean,median,3rd_quantile,max
0.0215,0.2185,0.38348039215686275,0.363,0.51725,1.1335
0.083,0.2425,0.39021259842519684,0.373,0.513,0.837
