Target,Model,Accuracy,Precision,Recall,F1,ROC AUC,Train Accuracy,Train Precision,Train Recall,Train F1,Train ROC AUC
rings,NaiveBayes,0.4230769230769231,0.42500000000000004,0.34771825396825395,0.37907268170426067,0.59874986178682,0.6535433070866141,0.751010101010101,0.7281126864621448,0.6768231503385269,0.9499899177727517
rings,KNeighbors,0.46153846153846156,0.44047619047619047,0.38690476190476186,0.4110576923076923,0.6286895240552361,0.8582677165354331,0.8606696428571429,0.8473179941833192,0.8501732806863052,0.9759421859850274
rings,DecisionTree,0.5384615384615384,0.4922077922077922,0.44593253968253965,0.4530075187969925,0.6451637672612904,1.0,1.0,1.0,1.0,1.0
rings,RandomForest,0.46153846153846156,0.4301948051948052,0.3948412698412698,0.396471949103528,0.7604135952626665,1.0,1.0,1.0,1.0,1.0
rings,XGBoost,0.5,0.4375,0.4260912698412698,0.41581196581196583,0.7236488893803136,1.0,1.0,1.0,1.0,1.0
rings,CatBoost,0.5,0.4511904761904762,0.41468253968253965,0.42841880341880345,0.7176235625829279,1.0,1.0,1.0,1.0,1.0
