Target,Model,Accuracy,Precision,Recall,F1,ROC AUC,Train Accuracy,Train Precision,Train Recall,Train F1,Train ROC AUC
rings,NaiveBayes,0.34615384615384615,0.33125,0.4875992063492064,0.3301282051282051,0.6637584310039806,0.46078431372549017,0.5564492753623189,0.5732315891472868,0.4731333071150631,0.8282277163000082
rings,KNeighbors,0.4230769230769231,0.4791666666666667,0.3546626984126984,0.38374125874125875,0.6612003353973168,0.6568627450980392,0.6568951074765028,0.659524075730471,0.6576879533504847,0.8707922546935182
rings,DecisionTree,0.38461538461538464,0.3412698412698413,0.32688492063492064,0.33215497737556565,0.5575558074106836,1.0,1.0,1.0,1.0,1.0
rings,RandomForest,0.4230769230769231,0.42613636363636365,0.3546626984126984,0.37222065859836756,0.657906638532606,1.0,1.0,1.0,1.0,1.0
rings,XGBoost,0.5,0.5071428571428571,0.41369047619047616,0.44223484848484845,0.6524652624207578,1.0,1.0,1.0,1.0,1.0
rings,CatBoost,0.5,0.44696969696969696,0.41815476190476186,0.42324561403508776,0.7255508563074352,1.0,1.0,1.0,1.0,1.0
