Target,Model,Accuracy,Precision,Recall,F1,ROC AUC,Train Accuracy,Train Precision,Train Recall,Train F1,Train ROC AUC
rings,NaiveBayes,0.5,0.4721153846153846,0.5243055555555556,0.45064102564102565,0.7478588474863629,0.4366812227074236,0.5112961504046063,0.4962891672626497,0.43018836666898164,0.8033074790195134
rings,KNeighbors,0.4230769230769231,0.4361111111111111,0.35119047619047616,0.38431372549019605,0.6017014810310088,0.7467248908296943,0.7152475428598398,0.7280775075987842,0.7179400106644968,0.9383599407566099
rings,DecisionTree,0.5,0.5182539682539682,0.5119047619047619,0.4911589635854342,0.670985060690943,1.0,1.0,1.0,1.0,1.0
rings,RandomForest,0.4230769230769231,0.41363636363636364,0.3546626984126984,0.36967418546365916,0.7302773631382378,1.0,1.0,1.0,1.0,1.0
rings,XGBoost,0.5,0.44047619047619047,0.41815476190476186,0.42494658119658124,0.7369664971251659,1.0,1.0,1.0,1.0,1.0
rings,CatBoost,0.5384615384615384,0.43506493506493504,0.45386904761904756,0.4396146616541353,0.7628453793798221,1.0,1.0,1.0,1.0,1.0
