Target,Model,Accuracy,Precision,Recall,F1,ROC AUC,Train Accuracy,Train Precision,Train Recall,Train F1,Train ROC AUC
rings,NaiveBayes,0.2857142857142857,0.175,0.5,0.25,0.6937500000000001,1.0,1.0,1.0,1.0,1.0
rings,KNeighbors,0.42857142857142855,0.55,0.5833333333333333,0.4583333333333333,0.7625,0.68,0.7507575757575757,0.6006944444444444,0.6112781954887218,0.8621396475256768
rings,DecisionTree,0.42857142857142855,0.55,0.5833333333333333,0.4583333333333333,0.7083333333333334,1.0,1.0,1.0,1.0,1.0
rings,RandomForest,0.2857142857142857,0.2916666666666667,0.3333333333333333,0.19642857142857142,0.775,1.0,1.0,1.0,1.0,1.0
rings,XGBoost,0.42857142857142855,0.55,0.5833333333333333,0.4583333333333333,0.6666666666666666,0.8,0.8111111111111111,0.7569444444444444,0.7738095238095237,0.9265727124183006
rings,CatBoost,0.2857142857142857,0.2916666666666667,0.3333333333333333,0.19642857142857142,0.49166666666666664,1.0,1.0,1.0,1.0,1.0
