Target,Model,Accuracy,Precision,Recall,F1,ROC AUC,Train Accuracy,Train Precision,Train Recall,Train F1,Train ROC AUC
rings,NaiveBayes,0.2857142857142857,0.3125,0.375,0.3333333333333333,0.5916666666666667,1.0,1.0,1.0,1.0,1.0
rings,KNeighbors,0.42857142857142855,0.55,0.5833333333333333,0.4583333333333333,0.7625,0.7894736842105263,0.8239583333333333,0.7771303258145363,0.7916402840763241,0.9304620563035495
rings,DecisionTree,0.5714285714285714,0.8125,0.7083333333333333,0.6416666666666666,0.7916666666666666,1.0,1.0,1.0,1.0,1.0
rings,RandomForest,0.2857142857142857,0.3,0.3333333333333333,0.20833333333333331,0.725,1.0,1.0,1.0,1.0,1.0
rings,XGBoost,0.42857142857142855,0.55,0.5833333333333333,0.4583333333333333,0.7166666666666667,0.8947368421052632,0.8980654761904762,0.8753968253968254,0.883829003065246,0.9752636917501152
rings,CatBoost,0.42857142857142855,0.4375,0.4583333333333333,0.35,0.65,1.0,1.0,1.0,1.0,1.0
