Target,Model,Accuracy,Precision,Recall,F1,ROC AUC,Train Accuracy,Train Precision,Train Recall,Train F1,Train ROC AUC
rings,NaiveBayes,0.5714285714285714,0.275,0.375,0.3125,0.5916666666666667,1.0,1.0,1.0,1.0,1.0
rings,KNeighbors,0.42857142857142855,0.4375,0.4583333333333333,0.35,0.7583333333333333,0.875,0.9097222222222222,0.9068181818181819,0.9045454545454545,0.9706709956709957
rings,DecisionTree,0.2857142857142857,0.175,0.375,0.20833333333333331,0.5791666666666667,1.0,1.0,1.0,1.0,1.0
rings,RandomForest,0.2857142857142857,0.175,0.375,0.20833333333333331,0.8,1.0,1.0,1.0,1.0,1.0
rings,XGBoost,0.42857142857142855,0.4375,0.4583333333333333,0.35,0.5916666666666667,1.0,1.0,1.0,1.0,1.0
rings,CatBoost,0.2857142857142857,0.175,0.375,0.20833333333333331,0.8,1.0,1.0,1.0,1.0,1.0
