min,1st_quantile,mean,median,3rd_quantile,max
90.07,49937.9075,99656.8446,100067.82,149427.8275,199929.17
38211.56,60321.12,109439.39530000002,108247.17499999999,156019.1375,201671.23
