min,1st_quantile,mean,median,3rd_quantile,max
0.0,0.0,75229.29767,95052.695,126744.77249999999,222267.63
9432.11,44539.14,89999.71905,89821.46,136789.01,219876.54
