Target,Model,Accuracy,Precision,Recall,F1,ROC AUC,Train Accuracy,Train Precision,Train Recall,Train F1,Train ROC AUC
Exited,NaiveBayes,0.7895,0.23943661971830985,0.010321797207043109,0.01979045401629802,0.692566969923995,0.7786363636363637,0.1111111111111111,0.004228329809725159,0.008146639511201629,0.6808933111837732
Exited,KNeighbors,0.765375,0.24557522123893805,0.06739526411657559,0.10576464983325393,0.5287706442395205,0.8318181818181818,0.7668393782383419,0.3128964059196617,0.4444444444444444,0.8450948803421838
Exited,DecisionTree,0.77925,0.46625070901871807,0.4990892531876138,0.48211143695014663,0.6754851271447277,1.0,1.0,1.0,1.0,1.0
Exited,RandomForest,0.848875,0.7967479674796748,0.3570127504553734,0.4930817610062893,0.8366350354297186,1.0,1.0,1.0,1.0,1.0
Exited,XGBoost,0.844625,0.6732418524871355,0.47662416514875533,0.5581230003554923,0.8250981923546583,1.0,1.0,1.0,1.0,1.0
Exited,CatBoost,0.86025,0.7526265520534862,0.4784456587735276,0.585003711952487,0.8532554121316884,0.9454545454545454,0.9731903485254692,0.7674418604651163,0.8581560283687943,0.9823533948444737
