Target,Model,Accuracy,Precision,Recall,F1,ROC AUC,Train Accuracy,Train Precision,Train Recall,Train F1,Train ROC AUC
Exited,NaiveBayes,0.623875,0.0989399293286219,0.10200364298724955,0.10044843049327354,0.3946412783389247,0.995,1.0,0.9879518072289156,0.9939393939393939,0.9972196478220574
Exited,KNeighbors,0.575375,0.1657754010695187,0.26350941105039466,0.20351699882766705,0.44927710337881865,0.995,1.0,0.9879518072289156,0.9939393939393939,0.9999485119967048
Exited,DecisionTree,0.439875,0.13629363449691992,0.3224043715846995,0.19159300018040773,0.3963666750100422,1.0,1.0,1.0,1.0,1.0
Exited,RandomForest,0.56,0.187729243081027,0.34183363691560414,0.2423590185105467,0.4501075225039377,1.0,1.0,1.0,1.0,1.0
Exited,XGBoost,0.481625,0.07940780619111709,0.143290831815422,0.1021866204806235,0.37170311230842856,0.995,1.0,0.9879518072289156,0.9939393939393939,1.0
Exited,CatBoost,0.551625,0.19535175879396985,0.37765634486945965,0.25750362243841857,0.47178873464634935,1.0,1.0,1.0,1.0,1.0
