theta1,theta2,theta3,theta4,theta5,theta6,theta7,theta8,y
1.4440761,0.47949898,-0.6372726,1.4744519,-0.34420595,0.32840142,-1.3154007,-0.17966376,between 0.708821715 and 0.9013542725
0.26094493,-0.4739232,-1.7518171,-0.6549455,0.49974367,0.205497,0.34156287,9.554073,between 0.708821715 and 0.9013542725
1.3997412,1.1642957,-0.6999306,0.24544258,-0.64725316,0.9489154,0.5161533,-0.6254188,between 0.708821715 and 0.9013542725
0.28691536,0.08932646,-0.65889156,1.2532476,-0.27780798,1.5092192,0.78506947,0.54721373,less than 0.523583695
-2.2656941,-0.8444453,0.5620536,-1.2873652,0.30001503,1.383094,0.28508237,-1.4331926,greater than 0.9013542725
0.31950316,-0.26060832,-0.46235722,2.9856253,-0.1676658,0.5139888,0.3465261,0.575808,greater than 0.9013542725
0.6038816,-1.6910974,-1.5480548,0.62355435,-0.18206353,0.4880904,0.25330052,4.4712157,greater than 0.9013542725
0.4045536,1.3223946,2.9226625,0.42452493,-0.14613941,1.1103799,0.29372212,-0.6356288,between 0.708821715 and 0.9013542725
