theta1,theta2,theta3,theta4,theta5,theta6,theta7,theta8,y
0.67972326,1.1106231,1.1743766,0.5496728,1.0658457,-2.2919223,0.20042141,-2.0478368,between 0.523583695 and 0.708821715
-0.39351344,0.46625862,-0.34956384,0.61456835,0.6718361,-1.1638553,0.28723732,-0.46138766,between 0.523583695 and 0.708821715
0.039816353,1.4930283,0.8755725,1.0342135,-0.8740455,-0.15581776,1.1189803,-1.295375,less than 0.523583695
-1.1124617,1.9640939,1.739945,1.0189055,-1.0994353,-0.2506011,0.71576047,-1.6475502,less than 0.523583695
0.5239441,-0.94041985,0.7385999,0.2754017,1.1972941,-1.7267004,0.15848567,-0.57592124,less than 0.523583695
0.8726684,0.8584412,0.33089674,0.5571523,0.49247563,-0.7027062,0.36788648,-1.2508715,less than 0.523583695
-0.5377808,0.34496468,-0.47688985,1.2449919,-2.0849736,-0.571014,0.79242754,-0.19865191,less than 0.523583695
1.3104601,-1.1752647,1.5484756,1.0026901,-0.8645103,0.38357538,0.3889168,-0.7536445,between 0.708821715 and 0.9013542725
