theta1,theta2,theta3,theta4,theta5,theta6,theta7,theta8,y
-1.2268921,0.46472353,-0.38277987,0.8083469,-0.9802158,0.24078545,1.1098723,-0.14235216,between 0.523583695 and 0.708821715
0.13386633,0.09140953,1.280012,-0.18073033,-0.017432265,0.024117174,-2.802247,-1.5532372,between 0.523583695 and 0.708821715
0.25156152,0.15331078,0.4339827,-0.11365645,-1.327084,1.3800552,-1.2129346,0.519213,between 0.523583695 and 0.708821715
-1.000987,-0.27190822,1.8292755,-0.59494656,-1.5161035,-0.24021247,-0.70534587,-0.20109937,greater than 0.9013542725
-0.19652312,6.9209065,1.1935778,0.08972245,-0.830706,0.55485505,1.3056694,-1.838866,less than 0.523583695
-0.32451782,0.034893673,-1.5588942,-0.53981876,-0.86644506,0.36083624,0.79782224,-0.6347769,greater than 0.9013542725
-0.7625276,1.0728672,-1.4534444,0.702643,-0.6020867,0.18394475,0.27165976,-1.3470972,greater than 0.9013542725
-0.05854361,-0.025704486,-0.33758384,0.1269624,-1.3410467,0.34545332,-1.2329243,0.18531863,greater than 0.9013542725
