min,1st_quantile,mean,median,3rd_quantile,max
0.1,47.050000000000004,232.399,97.5,172.65,6169.8
6.563164465740943,93.13795973186062,4520.772271906924,222.0492956275703,429.3429423189866,66523.68859348694
