min,1st_quantile,mean,median,3rd_quantile,max
0.183075671277461,2.33700600271807,3.3762976178367996,3.256633629989985,4.281520706538725,8.60311337649814
0.9553606540114294,2.230284832642753,3.345759154321529,3.1293681150551595,4.101116694561509,8.131233266467346
