min,1st_quantile,mean,median,3rd_quantile,max
0.0,0.0,0.0,0.0,0.0,0.0
1.3773819028569714e-05,0.0022549019429191,0.04428068563493807,0.00731981801003565,0.07296672119754713,0.1993216672810326
