min,1st_quantile,mean,median,3rd_quantile,max
0.0,40.635000000000005,55.81925000000001,56.144999999999996,69.54249999999999,100.0
1.5116422924696282,56.944942383690204,70.62496719452825,76.0411771988012,91.83582431072139,99.83313239572212
