min,1st_quantile,mean,median,3rd_quantile,max
14.0960163431649,56.96244706420075,64.34199205691206,66.8032719128653,75.4637094285581,88.1581542102099
13.16763301446899,46.861890807672815,57.35652956797146,59.79008670313357,69.11313160985677,87.05065776512717
