Model,Test MSE,Test R2,Test Adjusted R2,Test MAE,Test RMSE,Train MSE,Train R2,Train Adjusted R2,Train MAE,Train RMSE
LinearRegression,0.002340387884261955,-3.3381784142169613,-5.371699545881162,0.04090919848302397,0.04837755558378239,2.188085307589407e-22,1.0,1.0,7.256892927821919e-12,1.4792178026204954e-11
Lasso,0.00230185361416087,-3.266750707773827,-5.266790102042809,0.04601663681515619,0.04797763660457724,0.0031431504108333473,0.07812209658792701,4.275958978196474,0.04623112212970517,0.05606380660313164
DecisionTree,0.0006232007059152915,-0.15517426333757522,-0.6966621992770636,0.00913161157110902,0.024963988181284084,0.0,1.0,1.0,0.0,0.0
RandomForest,0.0003250670824085746,0.3974507347434534,0.11500576665444717,0.008447311903410417,0.01802961681258297,0.0002484855147486147,0.92711983983484,1.258984854872622,0.009504189062453339,0.015763423319463787
