Model,Test MSE,Test R2,Test Adjusted R2,Test MAE,Test RMSE,Train MSE,Train R2,Train Adjusted R2,Train MAE,Train RMSE
LinearRegression,0.000896013720850942,-0.6608645980337449,-2.9030318053793005,0.02123262953364843,0.02993348828404304,1.1277238412062294e-21,1.0,1.0,2.427137808959074e-11,3.358159974161787e-11
Lasso,0.0007470075539987822,-0.38466451130021695,-2.2539616015555097,0.02155135167714737,0.02733143893026458,0.002140615175530724,0.02475400632708502,7.485385857924885,0.032040865370695254,0.046266782636473915
DecisionTree,0.0005030009450345653,0.06762983317706983,-1.191069892033886,0.0068420456114379555,0.022427682560500213,0.0,1.0,1.0,0.0,0.0
RandomForest,0.00036589592283928267,0.32176977799902795,-0.5938410217022843,0.007621507615099043,0.01912840617613717,0.00014051672373441637,0.9359817806430073,1.4257211587240015,0.005048703051315975,0.011853975018297295
