tau1,tau2,tau3,tau4,p1,p2,p3,p4,g1,g2,g3,g4,stab
1.1082331,3.5249054,7.840605,8.606733,3.8975275,-1.3996158,-1.1411424,-1.6771731,0.45808107,0.71591955,0.50215507,0.46810925,less than -0.015556906596825749
0.7603909,3.9437695,6.746184,8.037582,4.0498285,-1.5111135,-1.8147634,-1.3539383,0.13575834,0.20773897,-0.13125962,0.56222206,greater than 0.044878440872278276
0.7791693,6.1529665,6.392964,3.6686459,3.160069,-0.5557569,-1.156945,-1.8655066,0.47115135,0.43459216,0.92184037,0.68105704,between 0.01714170443331965 and 0.044878440872278276
4.390118,7.6189528,8.761247,7.3800077,2.7968566,-0.7744499,-0.70736444,-1.4277333,0.57456434,0.6033714,0.6839631,0.5204264,greater than 0.044878440872278276
5.1883707,8.473333,9.25408,10.290014,3.1268091,-0.7912146,-1.8801739,-1.0467911,0.44972524,0.9098857,0.5413838,0.6638807,greater than 0.044878440872278276
5.0339875,3.1939733,8.263563,3.2298765,2.505662,-0.96375644,-0.8604335,-1.1824555,0.9349849,0.67136985,0.24785198,0.6320196,greater than 0.044878440872278276
1.0147343,3.757337,7.7761207,8.788032,3.0759034,-0.8007069,-1.0512285,-1.7423855,0.48713392,0.61388916,0.77884763,0.5496165,greater than 0.044878440872278276
3.3607268,5.008172,8.055878,4.591472,4.534689,-1.4252528,-1.5072412,-1.4634967,0.22765784,0.57687354,0.9327104,0.77940196,between -0.015556906596825749 and 0.01714170443331965
