tau1,tau2,tau3,tau4,p1,p2,p3,p4,g1,g2,g3,g4,stab
11.32058,6.833484,2.095371,7.995799,3.3687625,-1.8563002,-1.610242,-2.1156268,0.30486876,0.38200676,0.52281386,0.16035332,between 0.01714170443331965 and 0.044878440872278276
4.6222477,2.4640322,4.2077885,2.399532,3.7081478,-0.95662606,-1.4851551,-1.5323281,0.79019386,-0.044860777,0.49467185,-0.03261987,between 0.01714170443331965 and 0.044878440872278276
0.20014495,7.131905,4.3194385,7.8963833,3.45295,-0.45998242,-1.8425758,-1.0259362,0.20684382,-0.019311842,0.5497513,0.2529013,between 0.01714170443331965 and 0.044878440872278276
7.7814093,5.8720675,2.3390114,6.984177,4.115859,-0.7455737,-1.6414447,-2.1302526,1.0588456,0.28377542,0.65497845,0.1684733,between 0.01714170443331965 and 0.044878440872278276
-2.58972,5.9520617,4.595112,5.6389637,4.1098137,-1.8666095,-0.9979922,-1.7646731,0.70286,0.49172777,0.1854578,-0.086437054,greater than 0.044878440872278276
1.1624594,4.416638,5.4085193,7.2308097,4.7034545,-1.4471645,-1.626884,-1.3912804,0.40888345,0.30275846,0.522279,0.13600715,between 0.01714170443331965 and 0.044878440872278276
3.700013,7.3404455,4.8421407,-14.403884,3.5404506,-0.7146875,-1.5626199,-1.4917718,0.6398312,0.77430934,0.009954347,0.23872145,between 0.01714170443331965 and 0.044878440872278276
1.3027,3.0137284,7.239716,8.088137,2.49408,-0.9255772,-0.81484705,-1.6720881,-0.016051034,0.21250142,0.27609313,0.14278057,between 0.01714170443331965 and 0.044878440872278276
