tau1,tau2,tau3,tau4,p1,p2,p3,p4,g1,g2,g3,g4,stab
10.15471,9.486156,1.6676859,7.1479006,3.176876,-1.9301108,-0.4375144,-1.3164335,0.3132543,0.6562632,0.6746651,0.8297723,between 0.01714170443331965 and 0.044878440872278276
3.242909,1.8571012,4.816565,5.2405305,3.4199631,-1.1416236,-0.622943,-0.54513747,0.79075307,-0.13735841,1.062611,0.44097817,greater than 0.044878440872278276
7.8177366,1.3723657,5.440357,5.4235206,3.202488,-1.9125812,-1.4057639,-1.3019853,0.7745609,0.62650454,0.65295225,1.0958622,between 0.01714170443331965 and 0.044878440872278276
7.53557,4.7473116,3.3518348,7.928902,0.76636046,-1.0502908,-0.6824066,-0.6174382,0.3095279,0.21887667,1.1746666,1.1717576,less than -0.015556906596825749
3.9857216,8.598018,6.3351793,8.334493,5.146937,-1.7530025,-0.9641974,-0.66593695,0.5386712,-0.40444165,0.24940394,0.42804286,between 0.01714170443331965 and 0.044878440872278276
4.4146113,1.3893712,1.8009667,6.2653246,3.7871072,-1.4430947,-0.87103444,-2.016021,0.7454091,0.20465626,1.0186957,0.48263597,greater than 0.044878440872278276
8.50784,6.6879067,6.3171024,6.9799557,3.280335,-2.2522006,-1.0197372,-1.5484748,-0.28099418,0.3847206,0.1785977,0.70300853,between -0.015556906596825749 and 0.01714170443331965
10.672461,9.300022,-1.6476614,2.6419723,3.2338345,-0.5179837,-0.5550704,-1.4290062,0.16201085,0.25627512,0.9450051,0.16699474,less than -0.015556906596825749
