min,1st_quantile,mean,median,3rd_quantile,max
0.0,0.0,0.0,0.0,0.0,0.0
0.0,0.0,0.009633905,0.0039935000000000005,0.012345,0.076923
