min,1st_quantile,mean,median,3rd_quantile,max
0.0,40.635000000000005,55.81925000000001,56.144999999999996,69.54249999999999,100.0
21.0,55.55,67.36715,68.625,81.0625,100.0
