min,1st_quantile,mean,median,3rd_quantile,max
0.1,47.050000000000004,232.399,97.5,172.65,6169.8
1.2,128.05,298.24125,205.15,340.025,2700.0
