min,1st_quantile,mean,median,3rd_quantile,max
0.183075671277461,2.33700600271807,3.3762976178367996,3.256633629989985,4.281520706538725,8.60311337649814
1.56789,2.8620535,3.6056720400000004,3.6,4.234567,6.789012
