Model,Test MSE,Test R2,Test Adjusted R2,Test MAE,Test RMSE,Train MSE,Train R2,Train Adjusted R2,Train MAE,Train RMSE
LinearRegression,0.00748010503266068,-12.865235932460568,-17.372012454454385,0.02608047614732505,0.08648760045613868,5.810589332679078e-05,0.7074051645258801,-18.40879075311662,0.0037531869604208066,0.007622722173002948
Lasso,0.0005691202731954478,-0.05492995450552751,-0.3978259264509394,0.01188636097852596,0.023856241807867554,0.00018136294755100125,0.08673873231169038,-59.579664089991205,0.009521761809515366,0.01346710613127413
DecisionTree,0.0006391757601664277,-0.18478586574940326,-0.5698903925933221,0.010961000857333616,0.02528192556286858,0.0,1.0,1.0,0.0,0.0
RandomForest,0.0007191160557937225,-0.3329644079681924,-0.7662331044221986,0.013089756357749241,0.026816339343648726,1.9322384034341537e-05,0.9027012673964138,-5.454149262704553,0.0027117683500000023,0.004395723380098153
