Model,Test MSE,Test R2,Test Adjusted R2,Test MAE,Test RMSE,Train MSE,Train R2,Train Adjusted R2,Train MAE,Train RMSE
LinearRegression,0.0009923286485861405,-0.839395406229015,-2.665029749568536,0.013851501212982,0.03150124836551943,3.659276771201047e-05,0.7012765820263819,-118.19064377147363,0.0021129202902400827,0.006049195625205922
Lasso,0.0005900180773902103,-0.09366644074009045,-1.1791508382826241,0.00994055434616551,0.02429028771732048,0.00010572899086200483,0.1368861252101159,-343.38243604116377,0.0061243790021139775,0.010282460350616716
DecisionTree,0.000794394279674705,-0.4725012634172858,-1.9339863079062627,0.011378398345520995,0.028185000969925565,0.0,1.0,1.0,0.0,0.0
RandomForest,0.0006283420299349764,-0.164704299376762,-1.3206951002544458,0.010157603539290606,0.02506675148348857,1.1476418989914266e-05,0.9063127683113377,-36.38120544377627,0.0013968120750000007,0.0033876863771480185
