min,1st_quantile,mean,median,3rd_quantile,max
0.008,0.13125,0.2525588235294118,0.24575,0.33387500000000003,0.6745
0.055,0.186,0.25068749999999995,0.24425,0.302,0.52
