min,1st_quantile,mean,median,3rd_quantile,max
0.0095,0.1765,0.3990294117647058,0.3685,0.5495,1.488
0.0735,0.27525,0.39845703125,0.36575,0.515,0.844
