min,1st_quantile,mean,median,3rd_quantile,max
0.165,0.4425,0.5382352941176471,0.57,0.62,0.78
0.305,0.48875,0.5473046874999999,0.5525,0.61125,0.75
