min,1st_quantile,mean,median,3rd_quantile,max
0.0045,0.09425,0.19635294117647056,0.17925,0.279375,0.5745
0.041,0.1555,0.21335781250000002,0.203,0.264125,0.475
