min,1st_quantile,mean,median,3rd_quantile,max
0.125,0.34624999999999995,0.418578431372549,0.44,0.48875,0.63
0.235,0.3875,0.4310546875,0.435,0.485,0.6
