min,1st_quantile,mean,median,3rd_quantile,max
0.0245,0.432875,0.9015441176470588,0.84425,1.242875,2.657
0.1765,0.6242500000000001,0.8926406250000001,0.8155,1.144375,1.9685
