Target,Model,Accuracy,Precision,Recall,F1,ROC AUC,Train Accuracy,Train Precision,Train Recall,Train F1,Train ROC AUC
rings,NaiveBayes,0.46153846153846156,0.578525641025641,0.6166666666666667,0.4922348484848485,0.7967908902691512,0.5196078431372549,0.5889880952380953,0.6290869218500797,0.5435147849462366,0.8557646915049495
rings,KNeighbors,0.5,0.5041666666666667,0.4541666666666667,0.46275252525252525,0.6977096273291926,0.6568627450980392,0.7021326444791541,0.6464314194577352,0.6566986462852273,0.8743082433300806
rings,DecisionTree,0.4230769230769231,0.46904761904761905,0.44166666666666665,0.4176470588235295,0.629891304347826,1.0,1.0,1.0,1.0,1.0
rings,RandomForest,0.4230769230769231,0.5111111111111111,0.43333333333333335,0.4255952380952381,0.7640333850931678,1.0,1.0,1.0,1.0,1.0
rings,XGBoost,0.5769230769230769,0.6285714285714286,0.6375,0.6038011695906432,0.7545807453416149,1.0,1.0,1.0,1.0,1.0
rings,CatBoost,0.46153846153846156,0.5375,0.4541666666666666,0.4529220779220779,0.7587474120082816,1.0,1.0,1.0,1.0,1.0
