Target,Model,Accuracy,Precision,Recall,F1,ROC AUC,Train Accuracy,Train Precision,Train Recall,Train F1,Train ROC AUC
rings,NaiveBayes,0.38461538461538464,0.4,0.37916666666666665,0.36626984126984125,0.6377199792960663,0.453125,0.6449567820267044,0.6268363808322824,0.5167667046699305,0.8311626497530569
rings,KNeighbors,0.34615384615384615,0.3269230769230769,0.3583333333333333,0.3140866873065016,0.6178312629399586,0.703125,0.757219827586207,0.7144850027022158,0.7273745861981157,0.8934940917746045
rings,DecisionTree,0.5,0.4285714285714286,0.5,0.4305555555555556,0.6648033126293995,1.0,1.0,1.0,1.0,1.0
rings,RandomForest,0.46153846153846156,0.3857142857142857,0.47916666666666663,0.41228070175438597,0.7080615942028986,1.0,1.0,1.0,1.0,1.0
rings,XGBoost,0.46153846153846156,0.38961038961038963,0.4583333333333333,0.4018317853457173,0.6424689440993789,1.0,1.0,1.0,1.0,1.0
rings,CatBoost,0.5,0.3991071428571429,0.5,0.4225708502024291,0.7070781573498965,1.0,1.0,1.0,1.0,1.0
