Target,Model,Accuracy,Precision,Recall,F1,ROC AUC,Train Accuracy,Train Precision,Train Recall,Train F1,Train ROC AUC
rings,NaiveBayes,0.5,0.6138888888888889,0.6458333333333333,0.507191338073691,0.8205939440993789,0.3347826086956522,0.45616575063663267,0.48940582779756747,0.3586252536397777,0.7682545460916904
rings,KNeighbors,0.46153846153846156,0.4678030303030303,0.475,0.44348739495798317,0.6563988095238096,0.6521739130434783,0.6599897620473585,0.6550084641057733,0.6544920649646694,0.8844520918407323
rings,DecisionTree,0.38461538461538464,0.41382575757575757,0.4125,0.3890756302521008,0.5956004140786748,1.0,1.0,1.0,1.0,1.0
rings,RandomForest,0.4230769230769231,0.452020202020202,0.43333333333333335,0.42121848739495793,0.7369435817805383,1.0,1.0,1.0,1.0,1.0
rings,XGBoost,0.4230769230769231,0.3819444444444444,0.4,0.373015873015873,0.7404373706004141,1.0,1.0,1.0,1.0,1.0
rings,CatBoost,0.34615384615384615,0.3373397435897436,0.32916666666666666,0.30526315789473685,0.7348343685300207,1.0,1.0,1.0,1.0,1.0
