frequency,angle_of_attack,chord_length,free_stream_velocity,displacement_thickness,sound_pressure
1250.0,4.0,0.3048,39.6,0.00579636,between 125.721 and 129.9955
800.0,0.0,0.3048,71.3,0.00266337,between 125.721 and 129.9955
500.0,5.4,0.1524,39.6,0.00485029,between 125.721 and 129.9955
5000.0,0.0,0.0508,71.3,0.000740478,greater than 129.9955
2000.0,3.0,0.3048,55.5,0.00452492,between 120.191 and 125.721
1600.0,8.4,0.0508,71.3,0.00529514,greater than 129.9955
1250.0,11.2,0.0508,71.3,0.014072,greater than 129.9955
10000.0,3.3,0.1016,39.6,0.00245138,less than 120.191
