min,1st_quantile,mean,median,3rd_quantile,max
1135.9407,4732.628225,13396.39949940075,9447.3824,16909.822724999998,62592.87309
1451.59,5184.86,11991.9471,10486.15,17336.335,30891.29
