min,1st_quantile,mean,median,3rd_quantile,max
16.815,25.8,30.160355805243448,30.03,33.735,53.13
18.29,26.849999999999998,31.33605,31.424999999999997,36.462500000000006,42.29
