Model,Test MSE,Test R2,Test Adjusted R2,Test MAE,Test RMSE,Train MSE,Train R2,Train Adjusted R2,Train MAE,Train RMSE
LinearRegression,37855955.92761068,0.7392930434209403,0.7353354425620551,4286.18243307631,6152.719392887237,35841011.93596574,0.7640315520853884,0.7489295714188533,4190.225427296809,5986.73633426141
Lasso,37846790.306879394,0.7393561653532085,0.7353995227020238,4285.733769186005,6151.974504732557,35841156.817076854,0.7640305982236231,0.748928556509935,4190.509188364856,5986.7484344238865
DecisionTree,41774548.29058094,0.7123064236410179,0.7079391587247525,3265.5383713809524,6463.323316265475,0.0,1.0,1.0,0.0,0.0
RandomForest,23714580.73785292,0.836682075007259,0.8342028655197031,2814.5611679102717,4869.761876914817,3421519.7851463216,0.9774735513982535,0.9760318586877418,1064.5871192662926,1849.7350580951645
