Model,Test MSE,Test R2,Test Adjusted R2,Test MAE,Test RMSE,Train MSE,Train R2,Train Adjusted R2,Train MAE,Train RMSE
LinearRegression,44384270.78047769,0.694333748240668,0.6873203734393065,4530.704241823255,6662.152113279739,34965677.08626619,0.6909438469397697,0.6741625173618386,3890.6433988239137,5913.178255918401
Lasso,44369180.68431578,0.6944376709378619,0.687426680596092,4529.18610651405,6661.01949286412,34965986.425862096,0.690941112735445,0.6741596346939307,3890.2217093212053,5913.204412656652
DecisionTree,51860075.1815892,0.6428492680410118,0.6346546049750312,3704.229378962652,7201.3939748905,5590.385158029983,0.9999505874596164,0.9999479044257494,19.855588865096365,74.76887827184505
RandomForest,30978303.64391342,0.7866581607810846,0.7817631281412625,3115.6338332411146,5565.81563150572,3055406.8232370424,0.9729937367866811,0.9715273333542837,927.3191586654116,1747.972203222077
