Model,Test MSE,Test R2,Test Adjusted R2,Test MAE,Test RMSE,Train MSE,Train R2,Train Adjusted R2,Train MAE,Train RMSE
LinearRegression,140975290.69641277,0.029129285214968936,0.008748411431313774,7555.903513354262,11873.30159207677,2861532.8189774025,0.9525255927567214,0.946624818975071,1226.09774448832,1691.6065792545862
Lasso,140766297.5226897,0.030568582491501517,0.010217922963651316,7560.404666640716,11864.497356512398,2861679.575763168,0.9525231579807276,0.9466220815715525,1225.6754321341466,1691.64995662908
DecisionTree,181184091.5361202,-0.24778127846645104,-0.2739751602663192,9136.608087113913,13460.464016374777,13053.54934400001,0.9997834344189878,0.9997565166631557,46.362800000000014,114.25213058844903
RandomForest,152569427.8513577,-0.05071738983943819,-0.07277443428263264,7548.097049417056,12351.899766892448,318084.7201752243,0.9947227991084655,0.9940668758338115,303.1275072690459,563.9900000666894
