min,1st_quantile,mean,median,3rd_quantile,max
0.0,40.635000000000005,55.81925000000001,56.144999999999996,69.54249999999999,100.0
7.125,56.674749999999996,71.9857125,85.7485,91.15425,99.267
