min,1st_quantile,mean,median,3rd_quantile,max
0.733788395904437,0.733788395904437,0.733788395904437,0.733788395904437,0.733788395904437,0.733788395904437
0.733788,0.733788,0.7337879999999999,0.733788,0.733788,0.733788
