min,1st_quantile,mean,median,3rd_quantile,max
0.1,47.050000000000004,232.399,97.5,172.65,6169.8
5.7,94.825,2605.6462500000002,198.65,426.1,60549.3
