min,1st_quantile,mean,median,3rd_quantile,max
0.183075671277461,2.33700600271807,3.3762976178367996,3.256633629989985,4.281520706538725,8.60311337649814
1.021,2.27775,3.3847625,3.029,3.9787500000000002,8.336
