Model,Test MSE,Test R2,Test Adjusted R2,Test MAE,Test RMSE,Train MSE,Train R2,Train Adjusted R2,Train MAE,Train RMSE
LinearRegression,0.00760298963843075,-13.093016698108906,-17.220583077328506,0.049755147048789444,0.0871951239372406,2.6081042165406244e-23,1.0,1.0,3.4884986717907686e-12,5.1069601687702875e-12
Lasso,0.014667197424111966,-26.187339197154763,-34.14997414001077,0.06292721383707572,0.12110820543675795,0.0024640419587278065,0.2849275313374682,6.168023750788298,0.03771954849680244,0.04963911722349428
DecisionTree,0.005159526859573838,-8.563777098783927,-11.36481861153456,0.04667966915066766,0.07182984657907768,0.0,1.0,1.0,0.0,0.0
RandomForest,0.005426625827566788,-9.058875789560156,-12.004921935046221,0.052772962316252094,0.07366563532317351,0.0002123742463124998,0.9383683479686233,1.4454287578631313,0.007838637499999992,0.014573065782892075
