Model,Test MSE,Test R2,Test Adjusted R2,Test MAE,Test RMSE,Train MSE,Train R2,Train Adjusted R2,Train MAE,Train RMSE
LinearRegression,0.0052798572335194275,-8.786823301653,-19.416897697182105,0.03655427628124665,0.07266262611218664,1.908323916544922e-23,1.0,1.0,2.721162218202116e-12,4.368436695827149e-12
Lasso,0.01041750759743924,-18.31004979689672,-39.28388978517096,0.04804657360667175,0.1020661922354275,0.00134497804134777,0.3080775356515918,5.357897626334712,0.020183327989386504,0.03667394226624362
DecisionTree,0.004169785350183497,-6.729177252935849,-15.124314948030662,0.041536919150667664,0.06457387513680356,0.0,1.0,1.0,0.0,0.0
RandomForest,0.005791752012889431,-9.735679214446959,-21.396364731966372,0.05102271981625209,0.07610356110517714,0.00010513978256388882,0.9459109552600857,1.3406660888005126,0.0035742749999999983,0.010253769188151683
