delta_precision_alpha_OC,delta_coverage_beta_OC,authenticity_OC,delta_precision_alpha_naive,delta_coverage_beta_naive,authenticity_naive
0.8447574334898279,0.3577464788732395,0.5258215962441315,0.9555879337326642,0.5358372456964007,0.4788732394366197
