delta_precision_alpha_OC,delta_coverage_beta_OC,authenticity_OC,delta_precision_alpha_naive,delta_coverage_beta_naive,authenticity_naive
0.6964006259780908,0.3114241001564946,0.6291079812206573,0.9517025524796288,0.5427230046948356,0.47417840375586856
