Min_L2_Distance_Real,Min_L2_Distance_Holdout,Proportion Closer to Real
150.36400747793365,83.25748852517471,0.22065727699530516
