min,1st_quantile,mean,median,3rd_quantile,max
18,25.0,37.835205992509366,37.0,50.0,64
18,25.0,37.57746478873239,39.0,49.0,63
