min,1st_quantile,mean,median,3rd_quantile,max
1135.9407,4732.628225,13396.39949940075,9447.3824,16909.822724999998,62592.87309
1693.68,3795.95,12978.927276995306,9033.12,15498.83,60877.88
