min,1st_quantile,mean,median,3rd_quantile,max
16.815,25.8,30.160355805243448,30.03,33.735,53.13
16.84,26.95,30.508215962441316,31.0,33.97,47.31
