Model,Test MSE,Test R2,Test Adjusted R2,Test MAE,Test RMSE,Train MSE,Train R2,Train Adjusted R2,Train MAE,Train RMSE
LinearRegression,37855955.92761068,0.7392930434209403,0.7353354425620551,4286.18243307631,6152.719392887237,35841011.93596574,0.7640315520853884,0.7489295714188533,4190.225427296809,5986.73633426141
Lasso,37846790.306879394,0.7393561653532085,0.7353995227020238,4285.733769186005,6151.974504732557,35841156.817076854,0.7640305982236231,0.748928556509935,4190.509188364856,5986.7484344238865
DecisionTree,40917769.60553711,0.7182068997475181,0.7139292056260382,3188.9767621279175,6396.699899599567,0.0,1.0,1.0,0.0,0.0
RandomForest,23495582.729976002,0.838190273723457,0.835733959093073,2800.3734531706814,4847.224229389022,3433809.098740424,0.9773926415662455,0.9759457706264852,1102.5691767408255,1853.0539923975298
