Model,Test MSE,Test R2,Test Adjusted R2,Test MAE,Test RMSE,Train MSE,Train R2,Train Adjusted R2,Train MAE,Train RMSE
LinearRegression,41587754.28939051,0.7135928393281745,0.7095206996029827,4535.664380002789,6448.856820351225,38629451.251499005,0.7802748548093233,0.7635445138049571,4249.936311955599,6215.259548200623
Lasso,41527988.41941636,0.7140044358045138,0.7099381481619239,4531.674405401247,6444.2213198660675,38629550.152210794,0.7802742922599588,0.7635439084218846,4250.100200815309,6215.267504477244
DecisionTree,44038899.30666304,0.6967122576091704,0.6924001096130923,4094.020422557423,6636.181078501629,0.0,1.0,1.0,0.0,0.0
RandomForest,27124118.05368737,0.8132012230469043,0.8105453162655807,3331.330159831,5208.081993756183,3739277.8317547585,0.9787309076916098,0.9771114336579759,988.2201356807499,1933.7212394124335
