Model,Test MSE,Test R2,Test Adjusted R2,Test MAE,Test RMSE,Train MSE,Train R2,Train Adjusted R2,Train MAE,Train RMSE
LinearRegression,38136969.61257743,0.7373577542235193,0.7333707751604988,4323.7555420675635,6175.513712443479,37905086.278361365,0.7668040900722225,0.7587454841135952,4211.848495038439,6156.710670346737
Lasso,38121548.84118969,0.7374639542197441,0.7334785873008787,4322.938052804273,6174.265044617836,37905274.3232991,0.7668029332008189,0.7587442872639142,4212.19570492851,6156.72594187033
DecisionTree,49785696.898933865,0.6571351270455741,0.6519303471904785,3943.91604390196,7055.898022146711,0.0,1.0,1.0,0.0,0.0
RandomForest,25404683.84091915,0.8250426479869035,0.8223867489051108,2984.7144798676013,5040.305927314249,3336582.6966072978,0.9794730070716449,0.9787636509445311,1071.7555896520828,1826.6315163730471
