Target,Model,Accuracy,Precision,Recall,F1,ROC AUC,Train Accuracy,Train Precision,Train Recall,Train F1,Train ROC AUC
sound_pressure,NaiveBayes,0.0,0.0,0.0,0.0,0.3055555555555556,0.8823529411764706,0.9023109243697479,0.9161184210526316,0.9027094474153298,0.9769266917293233
sound_pressure,KNeighbors,0.07692307692307693,0.03125,0.08333333333333333,0.045454545454545456,0.29760101010101014,0.5294117647058824,0.33405172413793105,0.3870364832535885,0.34276960784313726,0.7841671557847187
sound_pressure,DecisionTree,0.15384615384615385,0.15625,0.20833333333333331,0.17045454545454547,0.4636363636363636,1.0,1.0,1.0,1.0,1.0
sound_pressure,RandomForest,0.07692307692307693,0.03125,0.08333333333333333,0.045454545454545456,0.4092171717171717,1.0,1.0,1.0,1.0,1.0
sound_pressure,XGBoost,0.15384615384615385,0.3,0.20833333333333331,0.22916666666666666,0.4642676767676768,0.9803921568627451,0.9875,0.95,0.9658119658119658,0.9992509296338673
sound_pressure,CatBoost,0.15384615384615385,0.28125,0.20833333333333331,0.2121212121212121,0.43926767676767675,1.0,1.0,1.0,1.0,1.0
