Target,Model,Accuracy,Precision,Recall,F1,ROC AUC,Train Accuracy,Train Precision,Train Recall,Train F1,Train ROC AUC
sound_pressure,NaiveBayes,0.46153846153846156,0.39166666666666666,0.41666666666666663,0.4027777777777778,0.6386363636363637,0.7304347826086957,0.7694183864915571,0.8165204678362573,0.7607337107337108,0.9354809240876628
sound_pressure,KNeighbors,0.23076923076923078,0.08333333333333333,0.25,0.125,0.45119949494949496,0.5391304347826087,0.6124007936507936,0.4917397660818713,0.5138374697198227,0.8189375179801889
sound_pressure,DecisionTree,0.23076923076923078,0.19642857142857142,0.29166666666666663,0.225,0.5164141414141414,0.991304347826087,0.9935897435897436,0.9895833333333334,0.9914340978170765,0.9999000451303083
sound_pressure,RandomForest,0.3076923076923077,0.2589285714285714,0.29166666666666663,0.24583333333333335,0.6695707070707071,0.991304347826087,0.9935897435897436,0.9895833333333334,0.9914340978170765,0.9999000451303084
sound_pressure,XGBoost,0.38461538461538464,0.2875,0.35416666666666663,0.3125,0.553030303030303,0.991304347826087,0.9935897435897436,0.9895833333333334,0.9914340978170765,0.9999000451303083
sound_pressure,CatBoost,0.3076923076923077,0.3839285714285714,0.35416666666666663,0.32916666666666666,0.6012626262626263,0.991304347826087,0.9935897435897436,0.9895833333333334,0.9914340978170765,0.9999000451303083
