Target,Model,Accuracy,Precision,Recall,F1,ROC AUC,Train Accuracy,Train Precision,Train Recall,Train F1,Train ROC AUC
sound_pressure,NaiveBayes,0.46153846153846156,0.33035714285714285,0.3958333333333333,0.34431818181818186,0.64375,0.90625,0.9266666666666666,0.9405594405594406,0.928951367781155,0.9808808967090701
sound_pressure,KNeighbors,0.23076923076923078,0.08333333333333333,0.25,0.125,0.5244949494949495,0.484375,0.3377403846153846,0.3199300699300699,0.2866554054054054,0.8446894767458261
sound_pressure,DecisionTree,0.46153846153846156,0.475,0.4375,0.37777777777777777,0.628219696969697,1.0,1.0,1.0,1.0,1.0
sound_pressure,RandomForest,0.38461538461538464,0.40714285714285714,0.375,0.3055555555555556,0.6136363636363636,1.0,1.0,1.0,1.0,1.0
sound_pressure,XGBoost,0.5384615384615384,0.41964285714285715,0.5,0.43398268398268397,0.6546717171717171,1.0,1.0,1.0,1.0,1.0
sound_pressure,CatBoost,0.46153846153846156,0.4583333333333333,0.4375,0.3666666666666667,0.628030303030303,1.0,1.0,1.0,1.0,1.0
