fixed_acidity,volatile_acidity,citric_acid,residual_sugar,chlorides,free_sulfur_dioxide,total_sulfur_dioxide,density,pH,sulphates,alcohol,quality
6.8347254,0.3030568,0.25175524,0.9234942,0.04798753,31.31382,128.12178,0.9925915,3.170157,0.4943429,10.400571,greater than 6.0
8.315933,0.19449003,0.24450414,12.12709,0.050396997,33.31474,129.50351,0.9981897,3.1481943,0.35817003,7.507457,greater than 6.0
5.1795053,0.17140192,0.25667328,4.5271497,0.043896116,34.602173,104.6755,0.993485,2.9565322,0.4468002,10.722931,less than 5.0
6.791395,0.21582128,0.26244056,17.765808,0.039592266,44.743504,131.24611,1.0026058,3.2955332,0.41311258,8.246061,greater than 6.0
5.1981072,0.39616907,0.24371597,6.707177,0.06417906,24.702374,129.02132,0.99216163,3.3620272,0.43251443,11.736048,between 5.0 and 6.0
6.008631,0.17508452,0.41566992,9.64224,0.0370256,40.78091,155.09956,0.9952854,3.1877613,0.48631373,10.861407,between 5.0 and 6.0
8.495256,0.16987643,0.24704891,10.671062,0.05931656,107.4751,181.30188,0.99882287,2.5918646,0.37114802,8.646281,greater than 6.0
8.396296,0.17814375,0.2160638,15.775042,0.03905101,51.13146,189.97653,1.0017264,3.1628447,0.40436625,7.782175,less than 5.0
