fixed_acidity,volatile_acidity,citric_acid,residual_sugar,chlorides,free_sulfur_dioxide,total_sulfur_dioxide,density,pH,sulphates,alcohol,quality
5.6642947,0.19329818,0.3980809,13.416912,0.015409354,17.225107,75.10944,0.9948319,3.1953816,0.50548697,12.512933,between 5.0 and 6.0
6.9393835,0.2030747,0.27215707,5.7228417,0.018716779,45.17413,127.649185,0.99560404,3.0328422,0.4987016,10.263559,greater than 6.0
6.1467447,0.23607764,0.5289456,3.1177866,0.028350294,33.4486,113.48248,0.9918782,3.117015,0.3875543,10.361731,between 5.0 and 6.0
7.4606028,0.34004605,0.43686864,15.627436,0.04541763,12.092848,103.61825,0.9954368,3.2371597,0.42216596,11.54342,between 5.0 and 6.0
6.332608,0.20739584,0.2948573,7.0560074,0.036618225,39.239807,135.14107,0.99170256,2.9720747,0.38410744,13.068906,greater than 6.0
6.3477163,0.4103973,0.3366178,-10.177518,0.035365745,8.48819,94.558075,0.9887487,3.2600307,0.51029885,12.675943,greater than 6.0
7.0352726,0.51743996,0.5305083,477.90814,0.044000346,59.58672,92.25069,1.003412,3.266547,0.45993477,9.146929,between 5.0 and 6.0
5.9579225,0.2834367,0.31046507,16.219206,0.03685975,24.827095,128.86688,0.99683535,3.2536094,0.41639146,9.864347,between 5.0 and 6.0
