fixed_acidity,volatile_acidity,citric_acid,residual_sugar,chlorides,free_sulfur_dioxide,total_sulfur_dioxide,density,pH,sulphates,alcohol,quality
6.099537,0.28037024,0.40214327,-2.7871668,0.03893139,3.961331,70.2339,0.9908254,3.4520915,0.49258316,11.996128,greater than 6.0
7.457469,0.44368327,0.11983404,6.228141,0.04615594,63.121487,139.91216,0.99518406,3.0563,0.3791566,8.732428,greater than 6.0
5.2612247,0.26460895,0.2842753,9.622644,0.04620784,32.486492,134.88197,0.99036145,3.3313856,0.49037012,9.482993,greater than 6.0
6.7435265,0.28231776,0.3738721,5.0575376,0.044049032,5.5209403,85.89959,0.9935811,3.1840093,0.5082314,10.45319,between 5.0 and 6.0
6.869762,0.39703894,0.31313652,5.9938283,0.04612533,47.14893,70.48509,0.99618435,3.1362493,0.4330927,8.498531,greater than 6.0
6.544461,0.46158445,0.2581543,5.4720483,0.044676818,53.28386,109.25261,0.98997086,3.0853875,0.36140817,15.991206,greater than 6.0
6.945039,0.38312656,0.33691406,2.7097924,0.046149872,27.970732,127.54941,0.9903723,3.1252193,0.43827125,12.053232,greater than 6.0
5.8397794,0.18778904,0.12875295,2.9577491,0.042550962,26.11652,147.58461,0.9894906,3.1465943,0.40622294,12.505407,greater than 6.0
