fixed_acidity,volatile_acidity,citric_acid,residual_sugar,chlorides,free_sulfur_dioxide,total_sulfur_dioxide,density,pH,sulphates,alcohol,quality
7.3069534,0.39895222,0.23986612,1.4936185,0.0715991,16.933506,29.007486,0.9968853,3.284598,0.68052304,8.035409,between 5.0 and 6.0
7.8856964,0.48871255,0.017422274,3.3087668,0.0777884,17.365944,60.28918,0.9967059,3.30292,0.5305746,13.053752,between 5.0 and 6.0
8.404648,0.44608793,0.3011376,1.7187842,0.07696776,15.146833,32.897717,0.9969762,3.3136106,0.6381996,9.331693,greater than 6.0
7.2926717,0.566264,0.22531275,2.6296735,0.07167731,11.168624,31.390343,0.99709463,3.3079026,0.60793656,9.963689,between 5.0 and 6.0
8.827962,0.29833478,0.13323894,1.9308269,0.07450622,14.821458,11.670415,0.9969678,3.198512,0.7291791,9.848404,greater than 6.0
10.0582,0.5598474,0.2650476,2.9718575,0.07426163,2.7339115,41.42741,0.99711573,3.2628338,0.30466482,9.5548935,between 5.0 and 6.0
7.142813,0.61501336,0.40645444,4.188247,0.07520174,16.10094,33.560623,0.9950482,3.3776195,0.4976883,11.088824,between 5.0 and 6.0
8.427159,0.21691683,0.100337595,2.115547,0.07476099,13.777344,44.30514,0.9962667,3.3007998,0.52279586,9.432573,between 5.0 and 6.0
