fixed_acidity,volatile_acidity,citric_acid,residual_sugar,chlorides,free_sulfur_dioxide,total_sulfur_dioxide,density,pH,sulphates,alcohol,quality
9.971111,0.5325541,0.37230176,1.9348556,0.05882249,6.682366,9.801179,0.99451977,3.350378,0.5724804,9.750142,less than 5.0
8.967617,0.47790295,0.35121983,1.7884973,0.06757373,16.142685,19.17704,0.99532515,3.3488283,0.76281154,9.847799,greater than 6.0
7.0728426,0.64793515,0.099184215,3.324431,0.10360876,18.459202,53.536797,0.9969266,3.3696773,0.56411564,9.503313,between 5.0 and 6.0
8.849606,0.74859834,0.317573,1.5697109,0.09393413,20.436062,68.32419,0.9966752,3.4027655,0.46003136,9.73877,greater than 6.0
7.6350617,0.57138735,0.09908443,2.2702978,0.042941064,18.712645,57.118267,0.99447536,3.1995687,0.54614383,9.810969,greater than 6.0
6.60029,0.6052915,0.08289129,2.1385174,0.059341807,2.894435,9.788488,0.99772537,3.1685941,0.5881607,7.3328824,greater than 6.0
7.894059,0.8505388,0.038621046,1.9310076,0.048906986,15.554132,65.255264,0.9954261,3.3419414,0.44724253,10.613745,between 5.0 and 6.0
6.890335,0.5731815,0.06162332,1.9512993,0.06630191,19.055672,28.31556,0.99513876,3.1987324,0.49967387,9.824182,greater than 6.0
