Min_L2_Distance_Real,Min_L2_Distance_Holdout,Proportion Closer to Real
77.3979065989034,76.71474092094871,0.19760479041916168
