min,1st_quantile,mean,median,3rd_quantile,max
0.0,8.0,12.183614775725594,12.0,18.0,23.0
9.0,14.0,15.580838323353293,15.0,19.0,20.0
