min,1st_quantile,mean,median,3rd_quantile,max
0.0,15.0,29.69406332453826,30.0,45.0,59.0
0.0,0.0,14.622754491017965,1.0,26.0,59.0
