min,1st_quantile,mean,median,3rd_quantile,max
1.0,11.0,10.630448548812664,12.0,12.0,12.0
6.0,8.0,8.688622754491018,9.0,9.0,12.0
