min,1st_quantile,mean,median,3rd_quantile,max
1.44089e-11,0.2031327,1.0069285419007257,0.51077675,1.19579975,5.023712
0.109876,0.623456,0.8094002215568862,0.813649,0.985,1.601
