min,1st_quantile,mean,median,3rd_quantile,max
18,32.0,46.2265963060686,46.0,60.0,99
23,35.0,38.75449101796407,39.0,42.0,55
