min,1st_quantile,mean,median,3rd_quantile,max
0.0,14.0,28.0321635883905,27.0,42.0,59.0
0.0,20.0,30.964071856287426,30.0,45.0,55.0
