Target,Model,Accuracy,Precision,Recall,F1,ROC AUC,Train Accuracy,Train Precision,Train Recall,Train F1,Train ROC AUC
worn,NaiveBayes,0.9994063442016319,0.9990624214954341,0.9849916586883332,0.9918845175146197,0.9918051851125155,0.9997635747497833,0.9989956478071643,0.9999138203441441,0.9994539708207665,0.9999141617323901
worn,KNeighbors,0.8994874771607422,0.3767476153992546,0.3375168276286546,0.32744012157615376,0.5490209834515033,0.918906139175664,0.8845736658575754,0.3617301680250016,0.3717940475238259,0.9356736203247134
worn,DecisionTree,1.0,1.0,1.0,1.0,1.0,1.0,1.0,1.0,1.0,1.0
worn,RandomForest,1.0,1.0,1.0,1.0,1.0,1.0,1.0,1.0,1.0,1.0
worn,XGBoost,1.0,1.0,1.0,1.0,1.0,1.0,1.0,1.0,1.0,1.0
worn,CatBoost,1.0,1.0,1.0,1.0,1.0,1.0,1.0,1.0,1.0,1.0
