delta_precision_alpha_OC,delta_coverage_beta_OC,authenticity_OC,delta_precision_alpha_naive,delta_coverage_beta_naive,authenticity_naive
0.9163390501319261,0.23239006156552333,0.7348614775725594,0.26885883905013197,0.0469525065963059,0.8805079155672824
