delta_precision_alpha_OC,delta_coverage_beta_OC,authenticity_OC,delta_precision_alpha_naive,delta_coverage_beta_naive,authenticity_naive
0.28409410729991214,0.1203364116094986,0.8537269129287599,0.31269569041336853,0.032315303430079156,0.883212401055409
