Min_L2_Distance_Real,Min_L2_Distance_Holdout,Proportion Closer to Real
18.435059751865783,16.47813160912554,0.21602902374670185
