min,1st_quantile,mean,median,3rd_quantile,max
18.0,32.0,46.2265963060686,46.0,60.0,99.0
18.0,32.0,46.14792949970317,45.0,60.0,98.99312
