min,1st_quantile,mean,median,3rd_quantile,max
1.44089e-11,0.2031327,1.0069285419007257,0.51077675,1.19579975,5.023712
9.084388e-15,0.2056410925,0.999916262291818,0.52074125,1.179696525,5.0308743
