min,1st_quantile,mean,median,3rd_quantile,max
1.0,11.0,10.630448548812664,12.0,12.0,12.0
1.0,7.0,9.04210539064314,9.0,11.0,12.0
