min,1st_quantile,mean,median,3rd_quantile,max
0.0,14.0,28.0321635883905,27.0,42.0,59.0
0.0,13.9989765,28.58271330869367,28.0,43.0,59.0
