min,1st_quantile,mean,median,3rd_quantile,max
1.0,12.0,17.7545382585752,18.0,26.0,30.0
1.0,8.0,16.115622117226255,16.0,24.0,31.0
