Target,Model,Accuracy,Precision,Recall,F1,ROC AUC,Train Accuracy,Train Precision,Train Recall,Train F1,Train ROC AUC
worn,NaiveBayes,0.7472279572303978,0.6554148025276817,0.6712619852160774,0.6105428482493048,0.7932171908261848,0.7223944591029023,0.670928141371491,0.8955578851325466,0.6132009924084448,0.9013444209240459
worn,KNeighbors,0.8959057538439213,0.36586146998110824,0.33858661224697534,0.3308550469001998,0.5458040850465212,0.895745382585752,0.5480854012966688,0.3694636266399716,0.38018732354152984,0.9226189660598646
worn,DecisionTree,0.9980805129186098,0.9248541786530041,0.9623362419939655,0.9424393680235382,0.9808371218410588,1.0,1.0,1.0,1.0,1.0
worn,RandomForest,0.9999406344201632,0.9997826244475038,0.9962825278810409,0.9980221178945899,1.0,1.0,1.0,1.0,1.0,1.0
worn,XGBoost,0.9996965759252785,0.9988919400684106,0.9809995869475423,0.9896661360888909,0.9999996959546488,1.0,1.0,1.0,1.0,1.0
worn,CatBoost,0.999953826771238,0.9998309056211804,0.9971086327963651,0.9984634504436456,0.9999999972608528,0.9988786279683377,0.9995793588934664,0.8960244648318043,0.938195343760193,0.9999350934396575
