X,Y,month,day,FFMC,DMC,DC,ISI,temp,RH,wind,rain,area
6.0299115,5.020722,aug,sat,91.5718,39.83279,660.8629,11.69023,13.790167,39.92378,5.4259877,0.0,greater than 6.57
2.0262747,4.9960856,oct,sat,92.94654,68.746765,744.1239,14.41579,26.5135,38.453266,0.36548033,0.0,greater than 6.57
8.825505,5.9971404,aug,sun,91.213,-42.566074,653.20764,6.891255,14.750822,79.35411,2.173263,0.0,greater than 6.57
8.016158,6.006719,sep,mon,91.69265,169.12993,780.3029,5.9782014,21.617586,35.665546,4.2040925,0.0,greater than 6.57
6.2579966,5.9965205,aug,mon,91.43677,64.85121,656.2007,11.90627,21.82141,41.107395,0.8980063,0.0,greater than 6.57
4.9797907,3.9929922,aug,sat,91.48551,229.77211,592.36346,11.322666,16.91871,21.20361,4.4632187,0.0,greater than 6.57
6.7136645,3.9976144,aug,sun,91.069695,80.136375,680.742,9.210518,16.268953,63.116413,2.6008198,0.0,greater than 6.57
3.3587906,4.9855714,mar,fri,93.47019,48.05853,-64.79012,20.54531,12.650801,43.285984,3.1617289,0.0,greater than 6.57
