X,Y,month,day,FFMC,DMC,DC,ISI,temp,RH,wind,rain,area
2.0488822,3.9918067,jul,sat,91.6347,98.70868,485.5669,8.383679,9.248297,112.51468,0.8625496,0.0,between 0.0 and 0.52
2.125539,4.9857655,jun,sat,83.33785,89.164696,418.3184,2.9544914,25.444227,22.334044,6.6253586,0.0,between 0.0 and 0.52
3.2850397,4.9959445,sep,fri,91.62898,93.65448,175.53264,7.75882,14.8736,59.15702,3.975768,0.0,between 0.0 and 0.52
5.006855,4.006024,jul,sun,91.66794,115.92594,465.31552,5.253311,20.526033,28.909588,3.3434496,0.0,between 0.0 and 0.52
2.1579635,4.0042014,mar,sat,74.852974,-2.223144,-116.02777,0.30931425,12.21735,43.86013,4.047804,0.0,between 0.0 and 0.52
3.0112655,5.0010805,jul,sat,84.84608,162.69984,343.45178,5.9817147,18.262917,44.729065,4.5011683,0.0,between 0.0 and 0.52
2.9697623,5.0054207,aug,sat,91.35022,97.711426,188.95395,8.576612,15.798583,60.724663,7.9487224,0.0,between 0.0 and 0.52
2.0505552,3.9989183,sep,wed,90.20475,129.15472,745.7181,5.5352883,15.421572,66.71633,6.057841,0.0,between 0.0 and 0.52
