sex,length,diameter,height,whole_weight,shucked_weight,cisvera_weight,shell_weight,rings
I,0.4289828279594728,0.40397861325204626,0.1570380215560167,1.0160785079795802,0.48932836221517323,0.31491594196791767,0.5420516197304523,greater than 11.0
F,0.6636451028490561,0.5034015025752151,0.12749014446132526,1.3483335871279543,0.3169060549841062,0.09269752572520508,0.2696527127607072,between 9.0 and 11.0
M,0.6555258685338761,0.3854597188415015,0.1727021049183701,0.06634029806647052,0.0665737811011216,0.05194745140254136,0.13412547593497656,greater than 11.0
M,0.6593826476261102,0.47072124623081696,0.12761611598645736,0.7523165690723786,0.27606141762049274,0.3047884829806214,0.03284736571712293,between 9.0 and 11.0
F,0.5560200578127317,0.15437675624003966,0.12434062292960697,0.11007065792819823,0.2580759748507317,0.0944984849961714,0.27131560093920887,greater than 11.0
I,0.365857972786816,0.47780711717524127,0.10508186739499442,1.354692330995425,0.3539509190342089,0.060406276396526036,0.2686792369315445,greater than 11.0
M,0.2628328331638552,0.4563153601805598,0.08169602556261275,0.09390964792721125,0.015472229805085561,0.032108901107291817,0.26862272502480716,greater than 11.0
F,0.5400430112694538,0.18548952912347666,0.0297650118916675,0.26713634757212235,0.33706393097420156,0.09350640787529627,0.014468163808050473,between 9.0 and 11.0
