sex,length,diameter,height,whole_weight,shucked_weight,cisvera_weight,shell_weight,rings
F,0.7084186688411798,0.5055084921093729,0.10285850452969113,0.4608549566141498,0.20273698741894894,0.37180676140049324,0.4279058891989748,greater than 11.0
M,0.6935012502531148,0.3948724852780356,0.21166520279282156,0.7120520493172486,0.6551536905481414,0.07026379846522912,0.12188520352299119,greater than 11.0
F,0.5216948859588194,0.3636716307266872,0.12938154916288566,0.5684962890380865,0.33872640558159617,0.06472558938562319,0.3156262363619439,greater than 11.0
M,0.699294973746301,0.5305919067082332,0.09683736112663055,0.48693229787281256,0.11823082775812936,0.048344940041704816,0.15498312343669202,greater than 11.0
F,0.6945248007835866,0.3914599176947851,0.20843313384982645,0.45941793551783744,0.20949418425605992,0.33261710568489505,0.14483281533370448,greater than 11.0
F,0.692267288640601,0.35080311459353974,0.1942869319048314,1.8014003514538406,0.6178463547229981,0.3932882248941604,0.4187617643458232,greater than 11.0
F,0.6985886834982767,0.5535009170650439,0.1815125165274442,1.5371785539522596,0.17411265281451072,0.09427546539017746,0.5032074340206847,greater than 11.0
M,0.5669941976165801,0.40325581236015756,0.13309293601568742,1.6263919572683263,0.6332566040811504,0.31060141600249386,0.16121639320503436,greater than 11.0
