sex,length,diameter,height,whole_weight,shucked_weight,cisvera_weight,shell_weight,rings
M,0.31817013585566584,0.49587365947730316,0.11074767684514027,0.4607535457818449,0.1683187422309093,0.062049982758894964,0.025064560071014364,between 9.0 and 11.0
F,0.48659140748909696,0.39345982723928596,0.12118025763047834,0.5046053703161073,0.5090879655840476,0.10132674850080228,0.17926388072177052,greater than 11.0
F,0.5661179694281424,0.35683550126500857,0.11825633594262838,0.20349585913864968,0.18915744974235035,0.08493929206426663,0.3263461460856193,greater than 11.0
F,0.61910392913383,0.3534544812868994,0.16090242440823557,0.6519571893244458,0.0766214145656292,0.09231875017968212,0.23222243057825553,greater than 11.0
M,0.44724639496318314,0.4411169047752897,0.10600031883166601,0.5402969468654181,0.40066222033584836,0.06210405869863951,0.048435321617030784,between 9.0 and 11.0
M,0.3371579371815486,0.3669763967888071,0.14493185285866184,0.41062488764443544,0.19141769468783168,0.027944549543361487,0.14253098777400303,between 9.0 and 11.0
F,0.42437400235361145,0.3651501025701902,0.11943386377826636,0.5187188513624996,0.1793180847030147,0.10536730493246033,0.09591617083731366,greater than 11.0
F,0.5411332180746107,0.35921874553478617,0.07930433025518532,0.853068465634882,0.0783382095190939,0.13948046273708956,0.38103435702522304,greater than 11.0
