frequency,angle_of_attack,chord_length,free_stream_velocity,displacement_thickness,sound_pressure
2500.0,8.4,0.0508,55.5,0.00544854,greater than 129.9955
4000.0,0.0,0.0508,31.7,0.000812164,greater than 129.9955
8000.0,7.2,0.1524,71.3,0.00752039,less than 120.191
3150.0,0.0,0.2286,39.6,0.00253511,between 120.191 and 125.721
2500.0,8.9,0.1016,39.6,0.0124596,less than 120.191
630.0,11.2,0.0508,39.6,0.0150478,greater than 129.9955
1600.0,0.0,0.3048,39.6,0.00310138,between 120.191 and 125.721
8000.0,0.0,0.0508,39.6,0.000791822,between 125.721 and 129.9955
