frequency,angle_of_attack,chord_length,free_stream_velocity,displacement_thickness,sound_pressure
1250.0,12.3,0.1016,39.6,0.0408268,between 120.191 and 125.721
400.0,22.2,0.0254,71.3,0.0214178,less than 120.191
3150.0,0.0,0.1016,55.5,0.00131983,greater than 129.9955
12500.0,0.0,0.0508,39.6,0.000791822,between 120.191 and 125.721
2000.0,0.0,0.0254,55.5,0.00041229,between 125.721 and 129.9955
6300.0,3.3,0.1016,39.6,0.00245138,between 120.191 and 125.721
5000.0,4.0,0.2286,39.6,0.00473801,less than 120.191
5000.0,7.3,0.2286,39.6,0.0123481,less than 120.191
