Team,League,Year,RA,W,OBP,SLG,BA,Playoffs,G,RS
SDP,NL,2013.476,913.96826,85.304726,0.30277902,0.41100845,0.24077277,1.0160335,162,between 652.0 and 711.0
LAA,NL,2006.8395,1122.9061,55.92728,0.31954053,0.426628,0.26100865,0.00043131615,162,between 711.0 and 775.0
HOU,NL,1965.705,809.3307,77.138336,0.32930815,0.37529773,0.26322177,0.00042627938,162,between 711.0 and 775.0
MON,NL,2009.2152,745.8158,65.44245,0.31336242,0.43648311,0.25413844,1.0233767,162,less than 652.0
SDP,NL,1990.5963,754.17303,74.37922,0.31510326,0.4110088,0.2515152,0.41927394,162,less than 652.0
MON,NL,1992.7186,579.1843,73.364456,0.30097163,0.3997973,0.23834556,1.0051014,162,between 652.0 and 711.0
TOR,NL,2011.7168,606.52057,85.37819,0.32442135,0.3656563,0.25735593,-0.00010380737,162,between 711.0 and 775.0
PHI,AL,1977.1079,733.01685,82.98763,0.31443575,0.36335516,0.24613331,0.000574779,162,between 711.0 and 775.0
