Team,League,Year,RA,W,OBP,SLG,BA,Playoffs,G,RS
MIL,NL,1977.0095,727.50757,84.386055,0.3308265,0.40600994,0.2620671,-8.7969296e-05,164.30258,greater than 775.0
NYM,AL,1978.4116,752.1544,75.568306,0.31322122,0.39886615,0.25612667,8.925371e-05,162.0028,less than 652.0
LAD,AL,1992.5653,762.8162,112.282265,0.33479732,0.43889824,0.27162173,-5.4472563e-05,161.98106,between 711.0 and 775.0
ATL,NL,1944.0217,648.09106,78.17505,0.30391333,0.3878588,0.24705349,0.0013582425,161.98346,less than 652.0
SFG,AL,2029.8351,745.3206,89.93987,0.33336535,0.46766356,0.2711971,0.0013722004,162.0001,between 652.0 and 711.0
LAD,NL,1985.408,752.1578,87.51061,0.33444536,0.43557638,0.27707344,0.0002894916,164.33179,greater than 775.0
CHC,AL,1980.5178,661.22394,57.639893,0.2859826,0.3107982,0.23100235,-0.00014069056,164.24875,less than 652.0
CHC,AL,2001.1748,753.1554,73.22653,0.32359117,0.4174137,0.25613362,0.0005785057,162.0013,between 652.0 and 711.0
