Team,League,Year,RA,W,OBP,SLG,BA,Playoffs,G,RS
SFG,AL,1984.8855,736.83875,94.17723,0.32940614,0.41718963,0.2709781,-0.00015698613,162,between 711.0 and 775.0
LAD,AL,1980.5768,677.1966,99.20176,0.35876364,0.40323907,0.26706296,1.0012548,162,greater than 775.0
OAK,AL,1981.636,808.69867,90.72987,0.35399017,0.44600332,0.27710152,1.7837563e-05,162,between 652.0 and 711.0
OAK,NL,1969.5497,604.19836,94.19713,0.33235288,0.39965054,0.26029947,1.0006003,162,between 711.0 and 775.0
TEX,AL,1973.2982,793.72577,81.61394,0.3273725,0.40570468,0.24768049,0.0008664046,162,between 652.0 and 711.0
NYY,AL,1961.9042,748.5847,91.97541,0.34184465,0.41330814,0.27817822,0.0016362935,162,between 652.0 and 711.0
BOS,AL,2011.1758,794.49274,74.55079,0.33776993,0.39174864,0.27347884,0.000728101,162,between 711.0 and 775.0
NYY,AL,1947.0964,684.5582,49.165047,0.32242024,0.40384296,0.25946483,0.00036823866,162,between 711.0 and 775.0
