min,1st_quantile,mean,median,3rd_quantile,max
0.0075,0.08474999999999999,0.17937254901960784,0.176,0.22975,0.519
0.058,0.16325,0.19810937499999998,0.195,0.23825,0.371
