min,1st_quantile,mean,median,3rd_quantile,max
0.0345,0.39525,0.8213431372549019,0.8585,1.101,2.5085
0.216,0.597,0.7578750000000001,0.7424999999999999,0.94475,1.499
