min,1st_quantile,mean,median,3rd_quantile,max
0.011,0.16925,0.3709509803921569,0.3615,0.49675,1.232
0.096,0.2745,0.351625,0.34550000000000003,0.43025,0.692
