min,1st_quantile,mean,median,3rd_quantile,max
0.01,0.11124999999999999,0.22998039215686272,0.22,0.3175,0.612
0.064,0.187,0.22835937499999998,0.23,0.283,0.424
