Target,Model,Accuracy,Precision,Recall,F1,ROC AUC,Train Accuracy,Train Precision,Train Recall,Train F1,Train ROC AUC
rings,NaiveBayes,0.46153846153846156,0.5,0.3833333333333333,0.3875,0.6347222222222222,0.9607843137254902,0.9543650793650793,0.9702380952380952,0.9613394138143062,0.9934733321361229
rings,KNeighbors,0.38461538461538464,0.34090909090909094,0.2833333333333333,0.25,0.7208333333333333,0.5098039215686274,0.5037878787878788,0.43005952380952384,0.44062419062419067,0.783397215737332
rings,DecisionTree,0.6923076923076923,0.7083333333333333,0.7416666666666666,0.6913419913419914,0.8152777777777778,1.0,1.0,1.0,1.0,1.0
rings,RandomForest,0.5384615384615384,0.36363636363636365,0.41666666666666663,0.35625,0.8506944444444444,1.0,1.0,1.0,1.0,1.0
rings,XGBoost,0.6923076923076923,0.5541666666666667,0.5541666666666667,0.5541666666666667,0.7215277777777778,1.0,1.0,1.0,1.0,1.0
rings,CatBoost,0.6153846153846154,0.5555555555555556,0.47916666666666663,0.4452380952380952,0.9583333333333334,1.0,1.0,1.0,1.0,1.0
