Target,Model,Accuracy,Precision,Recall,F1,ROC AUC,Train Accuracy,Train Precision,Train Recall,Train F1,Train ROC AUC
rings,NaiveBayes,0.5384615384615384,0.5666666666666667,0.44166666666666665,0.4928571428571428,0.5972222222222221,0.9304347826086956,0.9238351254480286,0.96875,0.9418417366946779,0.9854649435531788
rings,KNeighbors,0.5384615384615384,0.7053571428571428,0.5958333333333333,0.4916666666666667,0.7211805555555555,0.7304347826086957,0.722739981360671,0.59953125,0.6148550724637681,0.918772606580511
rings,DecisionTree,0.6923076923076923,0.53125,0.75,0.608974358974359,0.8177083333333333,1.0,1.0,1.0,1.0,1.0
rings,RandomForest,0.5384615384615384,0.3055555555555556,0.41666666666666663,0.34523809523809523,0.8319444444444445,1.0,1.0,1.0,1.0,1.0
rings,XGBoost,0.6153846153846154,0.5555555555555556,0.47916666666666663,0.4452380952380952,0.6951388888888889,1.0,1.0,1.0,1.0,1.0
rings,CatBoost,0.6153846153846154,0.5729166666666666,0.47916666666666663,0.458974358974359,0.8895833333333334,1.0,1.0,1.0,1.0,1.0
