Target,Model,Accuracy,Precision,Recall,F1,ROC AUC,Train Accuracy,Train Precision,Train Recall,Train F1,Train ROC AUC
rings,NaiveBayes,0.23076923076923078,0.15000000000000002,0.1625,0.15555555555555556,0.5777777777777778,1.0,1.0,1.0,1.0,1.0
rings,KNeighbors,0.46153846153846156,0.2013888888888889,0.5,0.2785714285714286,0.6673611111111111,0.9375,0.46980676328502413,0.5,0.48443017656500803,0.9961903861000114
rings,DecisionTree,0.46153846153846156,0.25,0.3666666666666667,0.2967032967032967,0.5854166666666667,1.0,1.0,1.0,1.0,1.0
rings,RandomForest,0.38461538461538464,0.175,0.45,0.23717948717948717,0.8010416666666668,1.0,1.0,1.0,1.0,1.0
rings,XGBoost,0.5384615384615384,0.46875,0.5833333333333334,0.4173076923076923,0.7965277777777778,0.96875,0.9804292929292929,0.75,0.8233169129720853,0.9965425059666491
rings,CatBoost,0.5384615384615384,0.32291666666666663,0.41666666666666663,0.358974358974359,0.7763888888888889,1.0,1.0,1.0,1.0,1.0
