min,1st_quantile,mean,median,3rd_quantile,max
0.034,0.174,0.2662156862745098,0.249,0.35824999999999996,0.71
0.066,0.192,0.28396875,0.3045,0.346,0.48
