min,1st_quantile,mean,median,3rd_quantile,max
0.0175,0.118,0.2041764705882353,0.2165,0.30074999999999996,0.417
0.043,0.143,0.232625,0.2555,0.297,0.395
