min,1st_quantile,mean,median,3rd_quantile,max
0.041,0.22325,0.390156862745098,0.3745,0.556,0.889
0.092,0.293,0.44910937500000003,0.483,0.5654999999999999,0.765
