min,1st_quantile,mean,median,3rd_quantile,max
0.101,0.5465,0.9082254901960786,0.953,1.23875,1.978
0.202,0.625,0.997296875,1.065,1.2562499999999999,1.75
