fixed_acidity,volatile_acidity,citric_acid,residual_sugar,chlorides,free_sulfur_dioxide,total_sulfur_dioxide,density,pH,sulphates,alcohol,quality
7.17,0.49,0.08,1.95,0.075,14.0,32.0,0.99658,3.31,0.55,10.2,between 5.0 and 6.0
8.05,0.63,0.11,1.85,0.078,12.0,29.0,0.99692,3.29,0.59,9.8,between 5.0 and 6.0
9.38,0.39,0.23,2.25,0.088,16.0,38.0,0.99718,3.27,0.51,10.9,between 5.0 and 6.0
7.42,0.53,0.16,1.69,0.073,10.0,24.0,0.99641,3.35,0.58,9.9,greater than 6.0
10.15,0.31,0.26,2.06,0.079,13.0,31.0,0.99588,3.23,0.65,12.4,greater than 6.0
7.93,0.47,0.09,1.58,0.076,11.0,27.0,0.99667,3.32,0.54,10.1,between 5.0 and 6.0
8.59,0.68,0.19,1.76,0.085,15.0,36.0,0.99695,3.3,0.57,9.6,between 5.0 and 6.0
7.24,0.44,0.12,1.92,0.072,14.0,30.0,0.99652,3.33,0.53,10.4,between 5.0 and 6.0
