delta_precision_alpha_OC,delta_coverage_beta_OC,authenticity_OC,delta_precision_alpha_naive,delta_coverage_beta_naive,authenticity_naive
0.9017176804855999,0.5315855181023721,0.5655430711610487,0.9341771062034526,0.4362047440699126,0.5393258426966292
