delta_precision_alpha_OC,delta_coverage_beta_OC,authenticity_OC,delta_precision_alpha_naive,delta_coverage_beta_naive,authenticity_naive
0.9091738774807353,0.444943820224719,0.602996254681648,0.9307503551594989,0.418227215980025,0.550561797752809
