Min_L2_Distance_Real,Min_L2_Distance_Holdout,Proportion Closer to Real
88.76228764214234,27.236876167508306,0.19642857142857142
