min,1st_quantile,mean,median,3rd_quantile,max
1135.9407,4732.628225,13396.39949940075,9447.3824,16909.822724999998,62592.87309
1250.4321,5291.57575,12704.586263642856,8712.822775,15648.0075,45023.98765
