min,1st_quantile,mean,median,3rd_quantile,max
18,25.0,37.835205992509366,37.0,50.0,64
19,30.0,39.392857142857146,39.0,48.0,63
