min,1st_quantile,mean,median,3rd_quantile,max
16.815,25.8,30.160355805243448,30.03,33.735,53.13
19.85,26.79625,29.136607142857144,29.189999999999998,31.5,40.1
