Model,Test MSE,Test R2,Test Adjusted R2,Test MAE,Test RMSE,Train MSE,Train R2,Train Adjusted R2,Train MAE,Train RMSE
LinearRegression,54792891.14207493,0.6226515077539165,0.6172863633143988,5114.592962894785,7402.222040851985,34351185.17981514,0.7017198468731163,0.6847721108999979,4117.891864897444,5860.988413212838
Lasso,54798757.646141775,0.6226111062270353,0.6172453873582253,5116.477036381281,7402.618296666509,34351258.98431965,0.7017192060096704,0.6847714336238562,4117.563301794219,5860.994709460131
DecisionTree,91162338.93497045,0.37218185735919074,0.3632555330562408,5986.840161371616,9547.897094908934,0.0,1.0,1.0,0.0,0.0
RandomForest,58652199.62137052,0.5960731650999653,0.5903301295326662,4777.331898968721,7658.472407821975,5677041.602072834,0.9507047914210253,0.9479039272972198,1550.6196802892857,2382.6543186271974
