Model,Test MSE,Test R2,Test Adjusted R2,Test MAE,Test RMSE,Train MSE,Train R2,Train Adjusted R2,Train MAE,Train RMSE
LinearRegression,37855955.927610695,0.7392930434209402,0.7353354425620551,4286.182433076305,6152.7193928872375,35841011.93596573,0.7640315520853885,0.7489295714188534,4190.225427296805,5986.736334261409
Lasso,37846790.30687941,0.7393561653532084,0.7353995227020236,4285.733769186005,6151.974504732559,35841156.817076854,0.7640305982236231,0.748928556509935,4190.5091883648565,5986.7484344238865
DecisionTree,42846700.61421165,0.7049227091782944,0.7004433575149667,3310.8223954612513,6545.73911901564,0.0,1.0,1.0,0.0,0.0
RandomForest,23955629.861312915,0.8350220143424729,0.8325176046930228,2828.2535429634922,4894.448882286229,3412443.1214299244,0.9775333099299944,0.9760954417655141,1073.6680353546833,1847.2799250329995
