Model,Test MSE,Test R2,Test Adjusted R2,Test MAE,Test RMSE,Train MSE,Train R2,Train Adjusted R2,Train MAE,Train RMSE
LinearRegression,41432926.80333468,0.7146591075466178,0.7103275569970409,4469.048568266634,6436.841368507902,40807491.61260612,0.6936599120444915,0.6844119093892309,4318.599612877098,6388.074170875454
Lasso,41427293.710925825,0.7146979016106443,0.710366939965265,4468.685826831349,6436.403787125682,40807679.359831065,0.6936585026341326,0.6844104574306348,4318.511672299672,6388.088865993574
DecisionTree,54701014.65311844,0.6232842441154767,0.6175655988648577,3998.88769473296,7396.013429755143,0.0,1.0,1.0,0.0,0.0
RandomForest,30974409.01974065,0.7866849823363782,0.7834468037001183,3389.1392904811396,5565.465750477731,6195906.887254157,0.9534875929443495,0.9520834448068204,1531.6172597285197,2489.1578670815875
