min,1st_quantile,mean,median,3rd_quantile,max
0.031,0.222,0.3948823529411764,0.38,0.50825,0.9925
0.061,0.2475,0.35093749999999996,0.37075,0.455,0.655
