min,1st_quantile,mean,median,3rd_quantile,max
0.025,0.176,0.2647647058823529,0.285,0.32725000000000004,0.515
0.043,0.193,0.247375,0.277,0.306,0.433
