min,1st_quantile,mean,median,3rd_quantile,max
0.08,0.5922499999999999,0.9137254901960783,0.927,1.12425,2.119
0.151,0.58475,0.819453125,0.8815,1.0383749999999998,1.578
