min,1st_quantile,mean,median,3rd_quantile,max
0.02,0.12175,0.20042156862745095,0.202,0.24925,0.5185
0.031,0.124,0.1772578125,0.193,0.228,0.317
