Target,Model,Accuracy,Precision,Recall,F1,ROC AUC,Train Accuracy,Train Precision,Train Recall,Train F1,Train ROC AUC
rings,NaiveBayes,0.38461538461538464,0.2589285714285714,0.375,0.26111111111111107,0.7425865800865801,0.9411764705882353,0.9642857142857143,0.9625,0.9604989604989606,0.9878299120234604
rings,KNeighbors,0.23076923076923078,0.2232142857142857,0.29166666666666663,0.23055555555555557,0.658495670995671,0.5882352941176471,0.5066666666666666,0.4873015873015873,0.4873521011831905,0.8349212167760555
rings,DecisionTree,0.6923076923076923,0.5,0.7083333333333334,0.5606060606060606,0.8087121212121213,1.0,1.0,1.0,1.0,1.0
rings,RandomForest,0.6923076923076923,0.5535714285714286,0.7083333333333334,0.608974358974359,0.8903679653679653,1.0,1.0,1.0,1.0,1.0
rings,XGBoost,0.6153846153846154,0.475,0.6666666666666666,0.5095238095238095,0.8235930735930737,1.0,1.0,1.0,1.0,1.0
rings,CatBoost,0.6923076923076923,0.5,0.7083333333333334,0.5606060606060606,0.9046536796536797,1.0,1.0,1.0,1.0,1.0
