Target,Model,Accuracy,Precision,Recall,F1,ROC AUC,Train Accuracy,Train Precision,Train Recall,Train F1,Train ROC AUC
rings,NaiveBayes,0.46153846153846156,0.4583333333333333,0.41666666666666663,0.4027777777777778,0.5731060606060606,0.96875,0.975,0.9807692307692308,0.9768421052631578,0.9940591445168104
rings,KNeighbors,0.5384615384615384,0.40625,0.4166666666666667,0.4035714285714286,0.5939935064935065,0.796875,0.7991071428571428,0.7868104118104118,0.7863453159041394,0.9609201896980923
rings,DecisionTree,0.6923076923076923,0.65,0.5416666666666666,0.5541666666666667,0.6994047619047619,1.0,1.0,1.0,1.0,1.0
rings,RandomForest,0.6153846153846154,0.5729166666666666,0.5416666666666667,0.5035714285714286,0.6592532467532467,1.0,1.0,1.0,1.0,1.0
rings,XGBoost,0.5384615384615384,0.625,0.5416666666666666,0.575,0.6760822510822511,1.0,1.0,1.0,1.0,1.0
rings,CatBoost,0.6153846153846154,0.5729166666666666,0.5416666666666667,0.5035714285714286,0.6623376623376623,1.0,1.0,1.0,1.0,1.0
