Target,Model,Accuracy,Precision,Recall,F1,ROC AUC,Train Accuracy,Train Precision,Train Recall,Train F1,Train ROC AUC
rings,NaiveBayes,0.5384615384615384,0.6666666666666666,0.625,0.5888888888888889,0.8047077922077922,0.8347826086956521,0.8589015151515151,0.8907004830917874,0.858615774469433,0.9645543887515844
rings,KNeighbors,0.46153846153846156,0.5,0.375,0.39285714285714285,0.8109848484848484,0.6869565217391305,0.6725977347460723,0.6809018897414039,0.6765227106263092,0.9095832741005928
rings,DecisionTree,0.38461538461538464,0.32916666666666666,0.41666666666666663,0.36233766233766235,0.594534632034632,1.0,1.0,1.0,1.0,1.0
rings,RandomForest,0.7692307692307693,0.6666666666666666,0.6666666666666666,0.65,0.7531385281385281,1.0,1.0,1.0,1.0,1.0
rings,XGBoost,0.6923076923076923,0.65625,0.625,0.6285714285714286,0.7476190476190476,1.0,1.0,1.0,1.0,1.0
rings,CatBoost,0.6153846153846154,0.5729166666666666,0.5416666666666667,0.5035714285714286,0.7137445887445887,1.0,1.0,1.0,1.0,1.0
