frequency,angle_of_attack,chord_length,free_stream_velocity,displacement_thickness,sound_pressure
400.0,12.2,0.0254,39.6,0.0146315,less than 120.191
6300.0,0.0,0.1016,55.5,0.0035947,between 120.191 and 125.721
3150.0,7.3,0.1016,55.5,0.0013198,greater than 129.9955
1250.0,3.3,0.2286,39.6,0.0123481,between 120.191 and 125.721
5000.0,0.0,0.0254,71.3,0.0004123,less than 120.191
12500.0,22.2,0.0508,39.6,0.0007918,between 120.191 and 125.721
2000.0,0.0,0.1016,55.5,0.0007918,between 125.721 and 129.9955
6300.0,12.3,0.2286,39.6,0.004738,between 120.191 and 125.721
