frequency,angle_of_attack,chord_length,free_stream_velocity,displacement_thickness,sound_pressure
3000.0,10.5,0.0508,55.5,0.0153211,less than 120.191
9500.0,1.8,0.2286,39.6,0.0038462,between 120.191 and 125.721
1800.0,8.1,0.1016,71.3,0.0287954,between 120.191 and 125.721
4200.0,5.6,0.2286,55.5,0.0092735,less than 120.191
10000.0,0.0,0.1016,39.6,0.0019455,greater than 129.9955
2200.0,0.0,0.0254,55.5,0.00068321,between 125.721 and 129.9955
14000.0,0.0,0.0508,39.6,0.00123458,between 120.191 and 125.721
5800.0,3.2,0.2286,39.6,0.0058213,less than 120.191
