frequency,angle_of_attack,chord_length,free_stream_velocity,displacement_thickness,sound_pressure
2800.0,2.25,0.1524,55.5,0.00345671,between 125.721 and 129.9955
1000.0,6.15,0.1016,39.6,0.00419823,between 125.721 and 129.9955
750.0,3.65,0.3048,63.4,0.00294518,greater than 129.9955
2000.0,8.4,0.0508,71.3,0.00529514,between 125.721 and 129.9955
4000.0,0.0,0.1524,55.5,0.00145671,between 120.191 and 125.721
1500.0,5.4,0.1016,39.6,0.00502136,between 125.721 and 129.9955
6000.0,3.0,0.3048,63.4,0.00452492,between 125.721 and 129.9955
2500.0,11.2,0.0508,71.3,0.014072,greater than 129.9955
