frequency,angle_of_attack,chord_length,free_stream_velocity,displacement_thickness,sound_pressure
2500.0,4.8,0.0762,39.6,0.0042749599999999,greater than 129.9955
5000.0,0.0,0.1016,43.575,0.0021043735,between 120.191 and 125.721
8000.0,8.4,0.1524,55.5,0.00752039,less than 120.191
2825.0,0.0,0.0508,39.6,0.000791822,between 125.721 and 129.9955
4000.0,11.2,0.2286,71.3,0.0124596,greater than 129.9955
630.0,3.6,0.3048,31.7,0.0150478,less than 120.191
3150.0,8.9,0.0761999999999999,39.6,0.00310138,between 120.191 and 125.721
1600.0,0.0,0.0508,43.575,0.00253511,greater than 129.9955
