frequency,angle_of_attack,chord_length,free_stream_velocity,displacement_thickness,sound_pressure
3930.946,2.9953046,0.10248017,55.388607,0.002689614,greater than 129.9955
2626.9119,1.6363636,0.103175715,39.56721,0.0024189572,less than 120.191
1126.9503,12.821871,0.025547585,71.777084,0.009550645,between 120.191 and 125.721
778.6411,20.202175,0.26397613,71.45521,0.002510421,less than 120.191
12780.552,7.093034,0.101914465,39.700703,0.0084716305,less than 120.191
5402.8403,0.04090146,0.10185061,55.304367,0.0008245358,between 120.191 and 125.721
2920.598,3.4810026,0.26988727,55.55666,0.0045470125,less than 120.191
7310.7505,3.123451,0.101785116,39.6325,-0.001986826,between 120.191 and 125.721
