frequency,angle_of_attack,chord_length,free_stream_velocity,displacement_thickness,sound_pressure
4156.8374,5.2557354,0.10119735,39.50147,0.0065571177,between 120.191 and 125.721
2785.1711,6.6522512,0.23424023,55.074413,0.009677944,between 120.191 and 125.721
843.2897,20.972662,0.10269876,71.81738,0.023153888,between 125.721 and 129.9955
9608.736,7.374924,0.10184118,39.573204,0.014237447,less than 120.191
3426.185,2.0364125,0.050092246,39.582443,0.018239275,between 125.721 and 129.9955
3166.6328,13.50422,0.10145793,71.15804,0.034304563,between 120.191 and 125.721
1906.1647,24.325705,0.025875447,39.580566,0.0161918,between 120.191 and 125.721
4107.686,4.244153,0.22740993,55.671753,0.01631157,between 120.191 and 125.721
