frequency,angle_of_attack,chord_length,free_stream_velocity,displacement_thickness,sound_pressure
2311.870007974346,9.526468861165688,0.1454549711678555,43.969679746075464,0.00785549602866988,between 125.721 and 129.9955
4900.470808836939,6.562568943458949,0.06804889100699207,62.28211272112985,0.005367748244777117,greater than 129.9955
4248.887099865487,6.005143908024657,0.14494426517413592,70.2050103307376,0.0012612157421382831,greater than 129.9955
1588.5987847162412,3.768394628756731,0.09279721289698047,70.27775449399566,0.006291359656220354,greater than 129.9955
3659.8811975389754,0.3749660201656324,0.26892960699875773,68.28287853613277,0.013041962546864787,between 125.721 and 129.9955
7542.111728859491,5.389582389312293,0.10769016569508237,61.94580372781378,0.0019428143264786121,less than 120.191
4332.077568833395,0.7678904730051526,0.29790583130670717,68.96502601692707,0.009584425037371577,between 125.721 and 129.9955
1753.5920393091076,6.945262985676478,0.16049093789208194,55.08595427365514,0.004550513536857406,between 125.721 and 129.9955
