frequency,angle_of_attack,chord_length,free_stream_velocity,displacement_thickness,sound_pressure
3266.8544270621533,6.585820686732877,0.12025742020243387,55.65598819201425,0.014943093247359485,less than 120.191
5301.718362786058,8.230165895634412,0.07838713959569645,69.93130391516503,0.0015111838117853522,greater than 129.9955
5390.827811647696,5.700081856410942,0.14398731597069592,57.113411577176784,0.00839074107314793,less than 120.191
5641.27671985497,0.3722682319304253,0.26364953206581787,54.93466144510144,0.013026554911410646,between 120.191 and 125.721
7898.833944345593,6.869274262582226,0.24622078351573112,67.735904101908,0.0020710994479922664,between 120.191 and 125.721
2643.76057972248,7.730493893634246,0.24016499701020108,70.40675183059494,0.005692069929460931,between 120.191 and 125.721
7388.334536243208,2.2312422937030654,0.3019624823686236,61.566858031742804,0.011900475866662846,between 120.191 and 125.721
3025.5861408275728,4.357708881417256,0.11726596436295095,60.76301182294871,0.0037865378649411274,less than 120.191
