frequency,angle_of_attack,chord_length,free_stream_velocity,displacement_thickness,sound_pressure
1910.6128,8.553248,0.30425018,31.56287,0.0091400575,less than 120.191
6710.6104,-0.03295995,0.051038753,39.515583,0.0027357591,greater than 129.9955
2167.0796,7.631816,0.2112531,31.651934,0.017085725,less than 120.191
1309.2834,-0.037323236,0.051532626,39.710728,0.0006305892,greater than 129.9955
1865.3241,9.100615,0.05105405,34.48157,0.0073322556,between 125.721 and 129.9955
4476.858,0.0885746,0.050939422,55.80342,0.001904465,between 120.191 and 125.721
3229.7654,8.751658,0.09925576,54.992214,0.00995195,less than 120.191
3181.1052,7.443809,0.30621424,39.589725,0.011879521,less than 120.191
