frequency,angle_of_attack,chord_length,free_stream_velocity,displacement_thickness,sound_pressure
4288.308,3.2925236,0.050748657,39.549152,0.002236828,less than 120.191
1801.17,4.4358664,0.15155692,39.354637,0.0062803146,greater than 129.9955
1770.9066,3.131591,0.30476823,55.44737,0.0036288542,between 125.721 and 129.9955
9035.35,3.982697,0.30607712,39.40808,0.0030549453,between 125.721 and 129.9955
5348.564,4.0052,0.3049143,55.386166,0.005596503,between 125.721 and 129.9955
4998.8853,14.29878,0.11855802,55.41741,0.0064916313,less than 120.191
2438.8872,4.0227957,0.051040597,39.350445,0.0051156306,greater than 129.9955
1191.6802,7.1484485,0.15186292,71.47088,0.0026109465,between 120.191 and 125.721
