frequency,angle_of_attack,chord_length,free_stream_velocity,displacement_thickness,sound_pressure
7263.73343740583,2.113958527687411,0.07033370369517192,53.33126203663283,0.018602365414780317,between 120.191 and 125.721
8380.398717673244,12.694272744825252,0.03838421120544739,40.828699829937754,0.039927383876639265,between 120.191 and 125.721
12116.736267166645,11.348570904953045,0.13074177696085376,61.18226899413067,0.031330278032840574,less than 120.191
2272.0903086388457,17.61641743218333,0.037629169416482665,67.26929501549417,0.027855269593815055,less than 120.191
4951.553055413596,3.01537941336703,0.2179643273971803,45.37668888111602,0.03483847219097611,less than 120.191
2438.528005570648,11.660414287943759,0.10470439641379117,52.74044078732852,0.0005429811297866207,between 120.191 and 125.721
8198.888737632518,10.003917921886012,0.07122478971634673,40.4477698773133,0.015170489598692287,between 120.191 and 125.721
9753.721579972545,9.038272065278278,0.1305227047996546,65.39526007186655,0.022702744396738833,less than 120.191
