tau1,tau2,tau3,tau4,p1,p2,p3,p4,g1,g2,g3,g4,stab
6.131654,8.435982,3.463218,7.982132,3.892381,-1.629115,-1.275941,-1.373881,0.684191,0.354219,0.756191,0.469832,between -0.015556906596825749 and 0.01714170443331965
8.513191,2.981031,6.289043,5.467851,4.211119,-1.452199,-1.934581,-1.106381,0.219911,0.982622,0.153829,0.630392,greater than 0.044878440872278276
3.684211,6.103982,8.901982,8.135194,2.982135,-0.943821,-0.735194,-0.854391,0.982135,0.118723,0.658721,0.758135,between 0.01714170443331965 and 0.044878440872278276
0.982135,9.201982,1.982135,4.982135,3.982135,-1.982135,-0.982135,-0.982135,0.982135,0.982135,0.982135,0.982135,between -0.015556906596825749 and 0.01714170443331965
4.982135,1.982135,7.982135,6.982135,1.982135,-1.982135,-1.982135,-1.982135,0.982135,0.982135,0.982135,0.982135,greater than 0.044878440872278276
8.465421,6.734821,3.293846,5.647935,3.849021,-1.645985,-0.943089,-1.485678,0.179821,0.935179,0.927465,0.269487,less than -0.015556906596825749
6.326421,3.193218,6.982135,7.982135,3.982135,-1.982135,-0.982135,-0.982135,0.982135,0.982135,0.982135,0.982135,between 0.01714170443331965 and 0.044878440872278276
0.982135,6.982135,9.982135,5.982135,2.982135,-0.982135,-1.982135,-1.982135,0.982135,0.982135,0.982135,0.982135,between -0.015556906596825749 and 0.01714170443331965
