tau1,tau2,tau3,tau4,p1,p2,p3,p4,g1,g2,g3,g4,stab
7.45082147849303,4.91711695557088,5.45910841924011,8.45910841924011,3.91711695557088,-0.91711695557088,-1.45910841924011,-1.91711695557088,0.45910841924011,0.91711695557088,0.91711695557088,0.45910841924011,greater than 0.044878440872278276
4.55384615384615,7.23076923076923,6.15384615384615,6.76923076923077,4.23076923076923,-1.23076923076923,-1.84615384615385,-1.84615384615385,0.692307692307692,0.461538461538461,0.307692307692307,0.230769230769231,between 0.01714170443331965 and 0.044878440872278276
8.30769230769231,6.46153846153846,5.53846153846154,8.61538461538462,3.84615384615385,-0.923076923076923,-1.30769230769231,-1.61538461538462,0.615384615384615,0.846153846153846,0.538461538461538,0.153846153846153,greater than 0.044878440872278276
2.30769230769231,6.92307692307692,7.84615384615385,6.30769230769231,4.07692307692308,-1.53846153846154,-0.846153846153846,-1.07692307692308,0.230769230769231,0.769230769230769,0.307692307692307,0.846153846153846,less than -0.015556906596825749
6.15384615384615,5.84615384615385,2.61538461538462,7.76923076923077,3.84615384615385,-1.84615384615385,-1.53846153846154,-1.46153846153846,0.615384615384615,0.615384615384615,0.230769230769231,0.538461538461538,less than -0.015556906596825749
0.923076923076923,7.23076923076923,2.30769230769231,7.30769230769231,4.61538461538462,-1.15384615384615,-1.76923076923077,-1.61538461538462,0.307692307692307,0.230769230769231,0.384615384615385,0.0769230769230769,between 0.01714170443331965 and 0.044878440872278276
8.07692307692308,4.61538461538462,6.92307692307692,9.23076923076923,2.61538461538462,-0.615384615384615,-0.923076923076923,-0.923076923076923,0.846153846153846,0.769230769230769,0.538461538461538,0.0769230769230769,less than -0.015556906596825749
6.84615384615385,7.30769230769231,6.61538461538462,5.84615384615385,4.61538461538462,-1.07692307692308,-1.61538461538462,-1.61538461538462,0.615384615384615,0.538461538461538,0.384615384615385,0.230769230769231,between 0.01714170443331965 and 0.044878440872278276
