theta1,theta2,theta3,theta4,theta5,theta6,theta7,theta8,y
-0.4624097,0.5311239,0.1941986,-0.8185845,-1.203555,-0.3841414,-0.7059235,0.4298133,between 0.523583695 and 0.708821715
-0.1875172,-0.4758216,1.2114689,0.6879616,0.7581006,1.1293547,-0.3987414,0.8749767,between 0.523583695 and 0.708821715
0.1475096,-0.0448044,-0.7016314,-0.3205651,-1.184213,-0.4889412,1.068767,0.6127419,less than 0.523583695
-0.8234745,0.6863319,0.4645864,-1.1354682,0.8611711,-0.5709647,-1.0904674,-1.4096217,less than 0.523583695
-1.4931826,-0.22778505,1.4981162,-0.4626383,0.42612736,1.3437825,-1.2460198,-1.1265172,less than 0.523583695
-0.0953722,0.370278,0.8165869,0.9421513,-0.6283435,0.3742393,0.4797537,-0.0344973,between 0.523583695 and 0.708821715
-0.6544295,0.1826853,-0.8193194,-1.0753814,-0.689493,0.8650982,-0.6517492,0.4503598,less than 0.523583695
-1.2534226,1.1323556,-0.1355783,0.6879616,-0.3412938,-0.3658417,0.0174799,-0.3809091,between 0.523583695 and 0.708821715
