theta1,theta2,theta3,theta4,theta5,theta6,theta7,theta8,y
0.26591191,0.68523455,-0.82119455,1.1587379,0.48291165,0.95617867,-0.19459977,-0.10233632,between 0.708821715 and 0.9013542725
-0.13083287,0.90210557,0.99169107,0.40056336,-0.13083287,0.36620663,0.58463311,-0.14477155,less than 0.523583695
0.95064219,0.56174839,-0.41680183,0.78784851,-0.49828881,-1.3413446,0.58463311,-0.10233632,between 0.708821715 and 0.9013542725
1.4943681,0.41223683,-0.74697366,1.4623343,-0.0083475605,0.27371368,-1.306154,-0.57760976,between 0.708821715 and 0.9013542725
0.22239788,-0.075427936,0.99169107,0.40056336,1.0048345,1.3358844,0.30548904,-0.45118873,between 0.708821715 and 0.9013542725
-1.43802,-1.4450767,0.40710597,-1.2568935,-0.00046869189,0.69617867,-0.0057238989,-0.40659902,greater than 0.9013542725
0.31155441,0.24581407,-0.90112564,1.4359532,0.43856857,0.27371368,0.17033547,1.2912984,between 0.708821715 and 0.9013542725
-0.13083287,1.2421545,0.41726663,-0.8292729,0.061581963,0.8993339,-0.34459977,-0.57760976,less than 0.523583695
