theta1,theta2,theta3,theta4,theta5,theta6,theta7,theta8,y
0.337832,-0.459107,0.594221,0.743899,0.811531,-0.173911,-0.689271,0.645672,less than 0.523583695
-1.09368,1.034721,-0.630987,0.351419,-0.881631,-0.604634,-0.177881,-1.272681,less than 0.523583695
-0.387799,-1.305401,0.842131,0.941982,-0.961273,-0.480267,-1.100751,-0.294211,between 0.708821715 and 0.9013542725
0.523501,-0.705531,-0.246899,1.046631,-1.046191,0.641611,0.400119,0.998351,between 0.523583695 and 0.708821715
0.812619,0.645351,-0.794759,0.860981,-0.110831,0.760951,0.813441,-0.449511,less than 0.523583695
-1.259549,1.444781,-0.445569,-0.149699,1.195739,-0.960301,-0.708521,-0.831491,less than 0.523583695
0.185949,-1.049691,-0.631209,-0.352419,-0.977601,0.470011,0.521021,1.020501,between 0.523583695 and 0.708821715
0.914601,0.291201,-0.708161,0.678671,0.611631,-0.889681,0.467201,-0.133091,less than 0.523583695
