min,1st_quantile,mean,median,3rd_quantile,max
0.00041229,0.00148212,0.010605794235294118,0.00497773,0.0136696,0.0584113
0.001,0.00594519,0.0100234271875,0.01,0.014,0.018
