Target,Model,Accuracy,Precision,Recall,F1,ROC AUC,Train Accuracy,Train Precision,Train Recall,Train F1,Train ROC AUC
sound_pressure,NaiveBayes,0.46153846153846156,0.49999999999999994,0.55,0.4642857142857143,0.6880997474747474,0.796875,0.8479166666666667,0.82953216374269,0.8092211912760626,0.9680715911980214
sound_pressure,KNeighbors,0.5384615384615384,0.738095238095238,0.6625,0.553968253968254,0.8674242424242424,0.609375,0.5859601449275362,0.5549812030075187,0.5589147286821705,0.8371869747656362
sound_pressure,DecisionTree,0.46153846153846156,0.6875,0.5375,0.46785714285714286,0.6892045454545455,1.0,1.0,1.0,1.0,1.0
sound_pressure,RandomForest,0.46153846153846156,0.7291666666666666,0.6125,0.48333333333333334,0.8522727272727273,1.0,1.0,1.0,1.0,1.0
sound_pressure,XGBoost,0.46153846153846156,0.475,0.55,0.45714285714285713,0.8230429292929293,1.0,1.0,1.0,1.0,1.0
sound_pressure,CatBoost,0.46153846153846156,0.7291666666666666,0.6125,0.48333333333333334,0.8534090909090909,1.0,1.0,1.0,1.0,1.0
