Target,Model,Accuracy,Precision,Recall,F1,ROC AUC,Train Accuracy,Train Precision,Train Recall,Train F1,Train ROC AUC
sound_pressure,NaiveBayes,0.6153846153846154,0.75,0.725,0.6607142857142857,0.7962121212121211,0.8431372549019608,0.8708333333333333,0.8589743589743589,0.8432154801720019,0.9625267094017095
sound_pressure,KNeighbors,0.3076923076923077,0.35,0.4375,0.376984126984127,0.6717171717171717,0.47058823529411764,0.46422466422466424,0.4780885780885781,0.46813186813186813,0.7786812115759485
sound_pressure,DecisionTree,0.5384615384615384,0.5416666666666666,0.5375,0.525,0.6887310606060606,1.0,1.0,1.0,1.0,1.0
sound_pressure,RandomForest,0.5384615384615384,0.8125,0.6625,0.5928571428571429,0.7810290404040403,1.0,1.0,1.0,1.0,1.0
sound_pressure,XGBoost,0.46153846153846156,0.55,0.5375,0.5158730158730158,0.7320075757575758,0.9803921568627451,0.9791666666666666,0.9807692307692308,0.9791304347826086,0.9994628726536622
sound_pressure,CatBoost,0.5384615384615384,0.625,0.6625,0.5833333333333333,0.8203282828282829,1.0,1.0,1.0,1.0,1.0
