Target,Model,Accuracy,Precision,Recall,F1,ROC AUC,Train Accuracy,Train Precision,Train Recall,Train F1,Train ROC AUC
sound_pressure,NaiveBayes,0.46153846153846156,0.47916666666666663,0.625,0.4928571428571429,0.7680871212121212,0.6869565217391305,0.7640692640692641,0.7129717478389205,0.6804035653895149,0.9129671683869929
sound_pressure,KNeighbors,0.5384615384615384,0.625,0.675,0.5630952380952381,0.8199810606060606,0.7043478260869566,0.6949633699633699,0.6826820445920303,0.6842198046471744,0.881550940934546
sound_pressure,DecisionTree,0.6153846153846154,0.6833333333333333,0.725,0.6607142857142857,0.798895202020202,1.0,1.0,1.0,1.0,1.0
sound_pressure,RandomForest,0.46153846153846156,0.8055555555555556,0.6125,0.5242424242424243,0.8910669191919192,1.0,1.0,1.0,1.0,1.0
sound_pressure,XGBoost,0.46153846153846156,0.6875,0.6125,0.5214285714285715,0.8772727272727273,1.0,1.0,1.0,1.0,1.0
sound_pressure,CatBoost,0.46153846153846156,0.6875,0.6125,0.5214285714285715,0.8703282828282828,1.0,1.0,1.0,1.0,1.0
