Team,League,Year,RA,W,OBP,SLG,BA,Playoffs,RankSeason,RankPlayoffs,G,OOBP,OSLG,RS
HOU,NL,1975,711,64,0.32,0.359,0.254,0,,,162,,,between 652.0 and 711.0
PHI,NL,1984,690,81,0.3329999999999999,0.407,0.266,0,,,162,,,between 711.0 and 775.0
TBD,AL,1999,913,69,0.3429999999999999,0.411,0.2739999999999999,0,,,162,0.371,0.4479999999999999,between 711.0 and 775.0
LAA,AL,1962,706,86,0.325,0.38,0.25,0,,,162,,,between 711.0 and 775.0
MON,NL,1998,783,65,0.31,0.3939999999999999,0.249,0,,,162,,,less than 652.0
SDP,NL,2011,611,71,0.305,0.349,0.237,0,,,162,0.314,0.375,less than 652.0
TOR,AL,2008,610,86,0.331,0.3989999999999999,0.264,0,,,162,0.309,0.38,between 711.0 and 775.0
SFG,NL,1987,669,90,0.324,0.43,0.26,1,3.0,3.0,162,,,greater than 775.0
