Team,League,Year,RA,W,OBP,SLG,BA,Playoffs,G,RS
LAD,NL,1978,573,95,0.3379999999999999,0.402,0.264,1,162,between 711.0 and 775.0
NYY,AL,1983,703,91,0.337,0.416,0.273,0,162,between 711.0 and 775.0
SFG,NL,2000,747,97,0.362,0.472,0.278,1,162,greater than 775.0
BOS,AL,2007,657,96,0.362,0.444,0.2789999999999999,1,162,greater than 775.0
CLE,AL,1990,737,77,0.324,0.391,0.267,0,162,between 711.0 and 775.0
MIL,AL,1989,679,81,0.318,0.382,0.259,0,162,between 652.0 and 711.0
OAK,AL,1969,678,88,0.3289999999999999,0.376,0.249,0,162,between 711.0 and 775.0
TEX,AL,1997,823,77,0.3339999999999999,0.4379999999999999,0.2739999999999999,0,162,greater than 775.0
